patient,channel,category,n_samples,n_saturated,pct_saturated
brux1,FP2-F4,EEG,7342592,1030,0.014
brux1,F4-C4,EEG,7342592,837,0.0114
brux1,C4-P4,EEG,7342592,804,0.0109
brux1,P4-O2,EEG,7342592,1063,0.0145
brux1,F8-T4,EEG,7342592,822,0.0112
brux1,T4-T6,EEG,7342592,970,0.0132
brux1,FP1-F3,EEG,7342592,1181,0.0161
brux1,F3-C3,EEG,7342592,878,0.012
brux1,C3-P3,EEG,7342592,881,0.012
brux1,P3-O1,EEG,7342592,1002,0.0136
brux1,F7-T3,EEG,7342592,760,0.0104
brux1,T3-T5,EEG,7342592,967,0.0132
brux1,C4-A1,EEG,7342592,1650,0.0225
brux1,ROC-LOC,EOG,7342592,936,0.0127
brux1,EMG1-EMG2,EMG,7342592,1026,0.014
brux1,ECG1-ECG2,ECG,7342592,1052,0.0143
brux1,DX1-DX2,OTHER,7342592,1040,0.0142
brux1,SX1-SX2,OTHER,7342592,1188,0.0162
brux2,FP2-F4,EEG,8018176,0,0.0
brux2,F4-C4,EEG,8018176,0,0.0
brux2,C4-P4,EEG,8018176,41,0.0005
brux2,P4-O2,EEG,8018176,42,0.0005
brux2,F8-T4,EEG,8018176,0,0.0
brux2,T4-T6,EEG,8018176,1,0.0
brux2,FP1-F3,EEG,8018176,0,0.0
brux2,F3-C3,EEG,8018176,0,0.0
brux2,C3-P3,EEG,8018176,11,0.0001
brux2,P3-O1,EEG,8018176,484,0.006
brux2,F7-T3,EEG,8018176,15,0.0002
brux2,T3-T5,EEG,8018176,21,0.0003
brux2,C4-A1,EEG,8018176,0,0.0
brux2,ROC-LOC,EOG,8018176,6,0.0001
brux2,EMG1-EMG2,EMG,8018176,0,0.0
brux2,ECG1-ECG2,ECG,8018176,2305,0.0287
brux2,DX1-DX2,OTHER,8018176,0,0.0
brux2,SX1-SX2,OTHER,8018176,1,0.0
ins1,FP2-F4,EEG,12288000,0,0.0
ins1,F4-C4,EEG,12288000,0,0.0
ins1,C4-P4,EEG,12288000,0,0.0
ins1,P4-O2,EEG,12288000,0,0.0
ins1,C4-A1,EEG,12288000,0,0.0
ins1,ROC-LOC,EOG,12288000,50,0.0004
ins1,EMG1-EMG2,EMG,12288000,0,0.0
ins1,ECG1-ECG2,ECG,12288000,30680,0.2497
ins1,MIC,OTHER,12288000,0,0.0
ins1,FLUSSO,FLOW,12288000,0,0.0
ins1,TORACE,THORAX,12288000,2128078,17.3183
ins1,ADDDOME,ABDOMEN,12288000,0,0.0
ins1,SAO2,OXYGEN,12288000,12287923,99.9994
ins1,SX1-SX2,OTHER,12288000,14,0.0001
ins1,DX1-DX2,OTHER,12288000,34,0.0003
ins1,POSITION,OTHER,12288000,12287963,99.9997
ins1,HR,UNKNOWN,12288000,12287919,99.9993
ins1,PLETH,OXYGEN,12288000,12221765,99.461
ins2,FP2-F4,EEG,25728000,0,0.0
ins2,F4-C4,EEG,25728000,0,0.0
ins2,C4-P4,EEG,25728000,0,0.0
ins2,P4-O2,EEG,25728000,0,0.0
ins2,C4-A1,EEG,25728000,0,0.0
ins2,ROC-LOC,EOG,25728000,0,0.0
ins2,EMG1-EMG2,EMG,25728000,0,0.0
ins2,ECG1-ECG2,ECG,25728000,82,0.0003
ins2,DX1-DX2,OTHER,25728000,19,0.0001
ins2,SX1-SX2,OTHER,25728000,430,0.0017
ins2,SAO2,OXYGEN,25728000,25727830,99.9993
ins2,HR,UNKNOWN,25728000,25727888,99.9996
ins2,PLETH,OXYGEN,25728000,25618695,99.5752
ins2,STAT,UNKNOWN,25728000,10624706,41.2963
ins3,ROC-LOC,EOG,7910656,40,0.0005
ins3,FP2-F4,EEG,7910656,0,0.0
ins3,F4-C4,EEG,7910656,0,0.0
ins3,C4-P4,EEG,7910656,0,0.0
ins3,P4-O2,EEG,7910656,0,0.0
ins3,C4-A1,EEG,7910656,0,0.0
ins3,EMG1-EMG2,EMG,7910656,0,0.0
ins3,ECG1-ECG2,ECG,7910656,41761,0.5279
ins3,DX1-DX2,OTHER,7910656,0,0.0
ins3,SX1-SX2,OTHER,7910656,0,0.0
ins3,F8-T4,EEG,7910656,10,0.0001
ins3,F7-T3,EEG,7910656,0,0.0
ins3,TORACE,THORAX,7910656,171778,2.1715
ins3,ADDOME,ABDOMEN,7910656,3118711,39.4242
ins3,STAT,UNKNOWN,7910656,7910656,100.0
ins4,ROC-LOC,EOG,19553792,760,0.0039
ins4,FP2-F4,EEG,19553792,414,0.0021
ins4,F4-C4,EEG,19553792,872,0.0045
ins4,C4-P4,EEG,19553792,478,0.0024
ins4,P4-O2,EEG,19553792,57,0.0003
ins4,C4-A1,EEG,19553792,426,0.0022
ins4,EMG1-EMG2,EMG,19553792,0,0.0
ins4,ECG1-ECG2,ECG,19553792,44209,0.2261
ins5,FP2-F4,EEG,26419200,0,0.0
ins5,F4-C4,EEG,26419200,0,0.0
ins5,C4-P4,EEG,26419200,0,0.0
ins5,P4-O2,EEG,26419200,18,0.0001
ins5,C4-A1,EEG,26419200,0,0.0
ins5,ROC-LOC,EOG,26419200,86725,0.3283
ins5,EMG1-EMG2,EMG,26419200,154821,0.586
ins5,ECG1-ECG2,ECG,26419200,11334,0.0429
ins5,SAO2,OXYGEN,26419200,26419072,99.9995
ins5,HR,UNKNOWN,26419200,26418895,99.9988
ins5,PLETH,OXYGEN,26419200,26312193,99.595
ins5,STAT,UNKNOWN,26419200,10770509,40.7677
ins6,ROC-LOC,EOG,24729600,1161,0.0047
ins6,FP2-F4,EEG,24729600,0,0.0
ins6,F4-C4,EEG,24729600,12,0.0
ins6,C4-P4,EEG,24729600,23,0.0001
ins6,P4-O2,EEG,24729600,3,0.0
ins6,C4-A1,EEG,24729600,15,0.0001
ins6,EMG1-EMG2,EMG,24729600,45,0.0002
ins6,ECG1-ECG2,ECG,24729600,17151,0.0694
ins6,DX1-DX2,OTHER,24729600,1195,0.0048
ins6,SX1-SX2,OTHER,24729600,270093,1.0922
ins6,SAO2,OXYGEN,24729600,24728243,99.9945
ins6,HR,UNKNOWN,24729600,24727521,99.9916
ins6,PLETH,OXYGEN,24729600,24631443,99.6031
ins6,STAT,UNKNOWN,24729600,18994990,76.8107
ins7,FP2-F4,EEG,22778880,4917,0.0216
ins7,F4-C4,EEG,22778880,440,0.0019
ins7,C4-P4,EEG,22778880,42517,0.1867
ins7,P4-O2,EEG,22778880,77940,0.3422
ins7,C4-A1,EEG,22778880,82256,0.3611
ins7,ROC-LOC,EOG,22778880,45131,0.1981
ins7,EMG1-EMG2,EMG,22778880,664,0.0029
ins7,ECG1-ECG2,ECG,22778880,26153,0.1148
ins7,SAO2,OXYGEN,22778880,22778364,99.9977
ins7,HR,UNKNOWN,22778880,22778042,99.9963
ins7,PLETH,OXYGEN,22778880,22694989,99.6317
ins7,STAT,UNKNOWN,22778880,10574401,46.422
ins8,ROC-LOC,EOG,15360000,13860,0.0902
ins8,FP2-F4,EEG,15360000,1433,0.0093
ins8,F4-C4,EEG,15360000,0,0.0
ins8,C4-P4,EEG,15360000,327,0.0021
ins8,P4-O2,EEG,15360000,3235,0.0211
ins8,FP1-F3,EEG,15360000,568,0.0037
ins8,F3-C3,EEG,15360000,13690,0.0891
ins8,C3-P3,EEG,15360000,12935,0.0842
ins8,P3-O1,EEG,15360000,196,0.0013
ins8,C4-A1,EEG,15360000,44,0.0003
ins8,EMG1-EMG2,EMG,15360000,28,0.0002
ins8,ECG1-ECG2,ECG,15360000,361,0.0024
ins8,DX1-DX2,OTHER,15360000,3,0.0
ins8,SX1-SX2,OTHER,15360000,71,0.0005
ins8,F8-T4,EEG,15360000,0,0.0
ins8,F7-T3,EEG,15360000,0,0.0
ins8,TORACE,THORAX,15360000,2570809,16.737
ins8,ADDOME,ABDOMEN,15360000,5805337,37.7952
ins8,SAO2,OXYGEN,15360000,15359945,99.9996
ins8,HR,UNKNOWN,15360000,15359867,99.9991
ins8,PLETH,OXYGEN,15360000,15288335,99.5334
ins8,STAT,UNKNOWN,15360000,7524576,48.9881
ins9,ROC-LOC,EOG,17157120,23,0.0001
ins9,FP2-F4,EEG,17157120,131,0.0008
ins9,F4-C4,EEG,17157120,316,0.0018
ins9,C4-P4,EEG,17157120,17271,0.1007
ins9,P4-O2,EEG,17157120,18976,0.1106
ins9,FP1-F3,EEG,17157120,429,0.0025
ins9,F3-C3,EEG,17157120,238,0.0014
ins9,C3-P3,EEG,17157120,3623,0.0211
ins9,P3-O1,EEG,17157120,7775,0.0453
ins9,C4-A1,EEG,17157120,224,0.0013
ins9,EMG1-EMG2,EMG,17157120,1935,0.0113
ins9,ECG1-ECG2,ECG,17157120,4526,0.0264
ins9,DX1-DX2,OTHER,17157120,33,0.0002
ins9,SX1-SX2,OTHER,17157120,50,0.0003
ins9,F8-T4,EEG,17157120,441,0.0026
ins9,F7-T3,EEG,17157120,115,0.0007
ins9,TORACE,THORAX,17157120,2349367,13.6932
ins9,ADDOME,ABDOMEN,17157120,7340542,42.7842
ins9,POSITION,OTHER,17157120,15492379,90.2971
ins9,SAO2,OXYGEN,17157120,17154233,99.9832
ins9,HR,UNKNOWN,17157120,17153342,99.978
ins9,PLETH,OXYGEN,17157120,17110958,99.7309
ins9,STAT,UNKNOWN,17157120,12076014,70.3849
n1,ROC-LOC,EOG,17725440,0,0.0
n1,LOC-ROC,UNKNOWN,17725440,0,0.0
n1,F2-F4,UNKNOWN,17725440,0,0.0
n1,F4-C4,EEG,17725440,0,0.0
n1,C4-P4,EEG,17725440,0,0.0
n1,P4-O2,EEG,17725440,108,0.0006
n1,F1-F3,UNKNOWN,17725440,0,0.0
n1,F3-C3,EEG,17725440,0,0.0
n1,C3-P3,EEG,17725440,0,0.0
n1,P3-O1,EEG,17725440,0,0.0
n1,C4-A1,EEG,17725440,0,0.0
n1,EMG1-EMG2,EMG,17725440,0,0.0
n1,ECG1-ECG2,ECG,17725440,0,0.0
n1,TERMISTORE,UNKNOWN,17725440,0,0.0
n1,TORACE,THORAX,17725440,4002100,22.5783
n1,ADDOME,ABDOMEN,17725440,3299729,18.6158
n1,DX1-DX2,OTHER,17725440,2,0.0
n1,SX1-SX2,OTHER,17725440,8,0.0
n1,POSIZIONE,UNKNOWN,17725440,17725440,100.0
n1,HR,UNKNOWN,17725440,17725396,99.9998
n1,SPO2,OXYGEN,17725440,17725399,99.9998
n10,FP2-F4,EEG,15052800,0,0.0
n10,F4-C4,EEG,15052800,0,0.0
n10,C4-P4,EEG,15052800,0,0.0
n10,P4-O2,EEG,15052800,0,0.0
n10,F8-T4,EEG,15052800,0,0.0
n10,T4-T6,EEG,15052800,1918,0.0127
n10,FP1-F3,EEG,15052800,313,0.0021
n10,F3-C3,EEG,15052800,318,0.0021
n10,C3-P3,EEG,15052800,0,0.0
n10,P3-O1,EEG,15052800,0,0.0
n10,F7-T3,EEG,15052800,0,0.0
n10,T3-T5,EEG,15052800,0,0.0
n10,C4-A1,EEG,15052800,740,0.0049
n10,ROC-LOC,EOG,15052800,267812,1.7792
n10,EMG1-EMG2,EMG,15052800,0,0.0
n10,ECG1-ECG2,ECG,15052800,0,0.0
n10,DX1-DX2,OTHER,15052800,3,0.0
n10,SX1-SX2,OTHER,15052800,0,0.0
n11,FP2-F4,EEG,16189440,229,0.0014
n11,F4-C4,EEG,16189440,0,0.0
n11,C4-P4,EEG,16189440,0,0.0
n11,P4-O2,EEG,16189440,0,0.0
n11,F8-T4,EEG,16189440,15787,0.0975
n11,T4-T6,EEG,16189440,0,0.0
n11,FP1-F3,EEG,16189440,0,0.0
n11,F3-C3,EEG,16189440,0,0.0
n11,C3-P3,EEG,16189440,0,0.0
n11,P3-O1,EEG,16189440,0,0.0
n11,F7-T3,EEG,16189440,0,0.0
n11,T3-T5,EEG,16189440,0,0.0
n11,C4-A1,EEG,16189440,0,0.0
n11,ROC-LOC,EOG,16189440,0,0.0
n11,EMG1-EMG2,EMG,16189440,85,0.0005
n11,ECG1-ECG2,ECG,16189440,984,0.0061
n11,DX1-DX2,OTHER,16189440,16,0.0001
n11,SX1-SX2,OTHER,16189440,9,0.0001
n11,SAO2,OXYGEN,16189440,16189347,99.9994
n11,HR,UNKNOWN,16189440,16189343,99.9994
n11,PLETH,OXYGEN,16189440,16128390,99.6229
n11,STAT,UNKNOWN,16189440,4963469,30.6587
n12,LOC / A2,UNKNOWN,2970000,0,0.0
n12,ROC / A1,UNKNOWN,2970000,0,0.0
n12,CHIN-0,UNKNOWN,2970000,0,0.0
n12,CHIN-1,UNKNOWN,2970000,0,0.0
n12,C3-A2,EEG,2970000,0,0.0
n12,C4-A1,EEG,2970000,0,0.0
n12,O1-A2,UNKNOWN,2970000,0,0.0
n12,O2-A1,UNKNOWN,2970000,0,0.0
n12,EKG,ECG,2970000,590,0.0199
n13,LOC,UNKNOWN,5885400,5885400,100.0
n13,ROC,UNKNOWN,5885400,5885400,100.0
n13,CHIN1,UNKNOWN,5885400,5885400,100.0
n13,CHIN2,UNKNOWN,5885400,5885400,100.0
n13,F3A2,UNKNOWN,5885400,5885400,100.0
n13,F4A1,UNKNOWN,5885400,5885400,100.0
n13,C3A2,UNKNOWN,5885400,5885400,100.0
n13,C4A1,UNKNOWN,5885400,5885400,100.0
n13,O1A2,UNKNOWN,5885400,5885400,100.0
n13,O2A1,UNKNOWN,5885400,5885400,100.0
n13,ECG,ECG,5885400,5862126,99.6045
n14,LOC,UNKNOWN,5910200,5910200,100.0
n14,ROC,UNKNOWN,5910200,5910200,100.0
n14,CHIN1,UNKNOWN,5910200,5910200,100.0
n14,CHIN2,UNKNOWN,5910200,5910200,100.0
n14,F3A2,UNKNOWN,5910200,5910200,100.0
n14,F4A1,UNKNOWN,5910200,5910200,100.0
n14,C3A2,UNKNOWN,5910200,5910200,100.0
n14,C4A1,UNKNOWN,5910200,5910200,100.0
n14,O1A2,UNKNOWN,5910200,5910200,100.0
n14,O2A1,UNKNOWN,5910200,5910200,100.0
n14,ECG,ECG,5910200,5910200,100.0
n15,EOG-L,UNKNOWN,5930000,5830424,98.3208
n15,EOG-R,UNKNOWN,5930000,5847363,98.6065
n15,CHIN1,UNKNOWN,5930000,5928200,99.9696
n15,CHIN2,UNKNOWN,5930000,5928200,99.9696
n15,F3A2,UNKNOWN,5930000,5877481,99.1144
n15,F4A1,UNKNOWN,5930000,5878773,99.1361
n15,C3A2,UNKNOWN,5930000,5874900,99.0708
n15,C4A1,UNKNOWN,5930000,5876101,99.0911
n15,O1A2,UNKNOWN,5930000,5866926,98.9364
n15,O2A1,UNKNOWN,5930000,5864362,98.8931
n15,EKG,ECG,5930000,5928200,99.9696
n16,FP2-F4,EEG,3080000,0,0.0
n16,F4-C4,EEG,3080000,0,0.0
n16,C4-P4,EEG,3080000,0,0.0
n16,P4-O2,EEG,3080000,0,0.0
n16,C4-A1,EEG,3080000,0,0.0
n2,FP2-F4,EEG,22579200,0,0.0
n2,F4-C4,EEG,22579200,0,0.0
n2,C4-P4,EEG,22579200,0,0.0
n2,P4-O2,EEG,22579200,0,0.0
n2,C4-A1,EEG,22579200,0,0.0
n2,ROC-LOC,EOG,22579200,147,0.0007
n2,EMG1-EMG2,EMG,22579200,52,0.0002
n2,ECG1-ECG2,ECG,22579200,62378,0.2763
n2,DX1-DX2,OTHER,22579200,27,0.0001
n2,SX1-SX2,OTHER,22579200,4360,0.0193
n2,SAO2,OXYGEN,22579200,22579162,99.9998
n2,HR,UNKNOWN,22579200,22579129,99.9997
n2,PLETH,OXYGEN,22579200,22495860,99.6309
n2,STAT,UNKNOWN,22579200,6219861,27.5469
n2,MIC,OTHER,22579200,0,0.0
n3,FP2-F4,EEG,16927232,0,0.0
n3,F4-C4,EEG,16927232,0,0.0
n3,C4-P4,EEG,16927232,0,0.0
n3,P4-O2,EEG,16927232,0,0.0
n3,F8-T4,EEG,16927232,0,0.0
n3,T4-T6,EEG,16927232,0,0.0
n3,FP1-F3,EEG,16927232,0,0.0
n3,F3-C3,EEG,16927232,0,0.0
n3,C3-P3,EEG,16927232,0,0.0
n3,P3-O1,EEG,16927232,271,0.0016
n3,F7-T3,EEG,16927232,0,0.0
n3,T3-T5,EEG,16927232,0,0.0
n3,C4-A1,EEG,16927232,0,0.0
n3,ROC-LOC,EOG,16927232,0,0.0
n3,EMG1-EMG2,EMG,16927232,0,0.0
n3,ECG1-ECG2,ECG,16927232,787,0.0046
n3,DX1-DX2,OTHER,16927232,0,0.0
n3,SX1-SX2,OTHER,16927232,0,0.0
n3,SAO2,OXYGEN,16927232,16927212,99.9999
n3,HR,UNKNOWN,16927232,16927201,99.9998
n3,PLETH,OXYGEN,16927232,16869061,99.6563
n3,STAT,UNKNOWN,16927232,4711711,27.8351
n3,MIC,OTHER,16927232,0,0.0
n4,EOG DX,UNKNOWN,7148000,1093,0.0153
n4,FP2-F4,EEG,7148000,0,0.0
n4,F4-C4,EEG,7148000,0,0.0
n4,C4-P4,EEG,7148000,0,0.0
n4,P4-O2,EEG,7148000,0,0.0
n4,C4-A1,EEG,7148000,0,0.0
n4,MILO,UNKNOWN,7148000,305842,4.2787
n4,EOG SIN,UNKNOWN,7148000,92,0.0013
n4,TIB DX,UNKNOWN,7148000,43566,0.6095
n4,TIB SIN,UNKNOWN,7148000,1305,0.0183
n4,CANNULA,FLOW,7148000,7147859,99.998
n4,TORACICO,THORAX,7148000,63876,0.8936
n4,EKG,ECG,7148000,26677,0.3732
n4,DELTOIDE,UNKNOWN,7148000,2224,0.0311
n4,HEART RATE VARIA,UNKNOWN,7148000,7141148,99.9041
n4,FLATTENING,UNKNOWN,7148000,6274167,87.7751
n4,FLOW,FLOW,7148000,7147778,99.9969
n5,FP2-F4,EEG,16097792,85,0.0005
n5,F4-C4,EEG,16097792,6,0.0
n5,C4-P4,EEG,16097792,38,0.0002
n5,P4-O2,EEG,16097792,66,0.0004
n5,F8-T4,EEG,16097792,108,0.0007
n5,T4-T6,EEG,16097792,23,0.0001
n5,FP1-F3,EEG,16097792,0,0.0
n5,F3-C3,EEG,16097792,0,0.0
n5,C3-P3,EEG,16097792,636,0.004
n5,P3-O1,EEG,16097792,825,0.0051
n5,F7-T3,EEG,16097792,0,0.0
n5,T3-T5,EEG,16097792,0,0.0
n5,C4-A1,EEG,16097792,3,0.0
n5,ROC-LOC,EOG,16097792,27,0.0002
n5,EMG1-EMG2,EMG,16097792,0,0.0
n5,ECG1-ECG2,ECG,16097792,4253,0.0264
n5,DX1-DX2,OTHER,16097792,19,0.0001
n5,SX1-SX2,OTHER,16097792,0,0.0
n5,SAO2,OXYGEN,16097792,16097772,99.9999
n5,HR,UNKNOWN,16097792,16097778,99.9999
n5,PLETH,OXYGEN,16097792,16044802,99.6708
n5,STAT,UNKNOWN,16097792,1684810,10.4661
n5,MIC,OTHER,16097792,0,0.0
n6,LOC-A1,UNKNOWN,4048000,0,0.0
n6,ROC-A2,UNKNOWN,4048000,0,0.0
n6,EMG-EMG,UNKNOWN,4048000,0,0.0
n6,C3-A2,EEG,4048000,0,0.0
n6,O2-A1,UNKNOWN,4048000,0,0.0
n6,ECG,ECG,4048000,0,0.0
n6,TAG,UNKNOWN,4048000,0,0.0
n6,THE,UNKNOWN,4048000,0,0.0
n7,LOC-A1,UNKNOWN,3781120,0,0.0
n7,ROC-A2,UNKNOWN,3781120,0,0.0
n7,EMG-EMG,UNKNOWN,3781120,0,0.0
n7,C3-A2,EEG,3781120,0,0.0
n7,O2-A1,UNKNOWN,3781120,0,0.0
n7,ECG,ECG,3781120,0,0.0
n7,TAG,UNKNOWN,3781120,0,0.0
n7,THE,UNKNOWN,3781120,0,0.0
n8,C3-A2,EEG,6008000,0,0.0
n8,C4-P4,EEG,6008000,0,0.0
n8,EKG,ECG,6008000,0,0.0
n8,EOG-L,UNKNOWN,6008000,0,0.0
n8,EOG-R,UNKNOWN,6008000,88,0.0015
n8,F4-C4,EEG,6008000,0,0.0
n8,FP2-F4,EEG,6008000,0,0.0
n8,P4-O2,EEG,6008000,13902,0.2314
n8,TIB DX,UNKNOWN,6008000,15,0.0002
n8,TIB SX,UNKNOWN,6008000,1,0.0
n8,ABDOMEN,ABDOMEN,6008000,14968,0.2491
n8,FLOW,FLOW,6008000,6007599,99.9933
n8,MILO,UNKNOWN,6008000,2,0.0
n8,THORAX,THORAX,6008000,14010,0.2332
n9,LOC-A1,UNKNOWN,4088448,0,0.0
n9,ROC-A2,UNKNOWN,4088448,0,0.0
n9,EMG,EMG,4088448,0,0.0
n9,C3-A2,EEG,4088448,0,0.0
n9,O2-A1,UNKNOWN,4088448,0,0.0
n9,ECG,ECG,4088448,0,0.0
n9,TAG,UNKNOWN,4088448,0,0.0
n9,THE,UNKNOWN,4088448,0,0.0
narco1,ROC-LOC,EOG,17326080,93,0.0005
narco1,FP2-F4,EEG,17326080,0,0.0
narco1,F4-C4,EEG,17326080,0,0.0
narco1,C4-P4,EEG,17326080,0,0.0
narco1,P4-O2,EEG,17326080,0,0.0
narco1,C4-A1,EEG,17326080,0,0.0
narco1,EMG1-EMG2,EMG,17326080,11021,0.0636
narco1,ECG1-ECG2,ECG,17326080,771,0.0044
narco1,TORACE,THORAX,17326080,849842,4.905
narco1,DX1-DX2,OTHER,17326080,1,0.0
narco1,SX1-SX2,OTHER,17326080,18,0.0001
narco1,SAO2,OXYGEN,17326080,17325849,99.9987
narco1,HR,UNKNOWN,17326080,17325237,99.9951
narco1,PLETH,OXYGEN,17326080,17183131,99.1749
narco1,STAT,UNKNOWN,17326080,7939282,45.8227
narco2,ROC-LOC,EOG,17648640,26,0.0001
narco2,FP2-F4,EEG,17648640,701,0.004
narco2,F4-C4,EEG,17648640,634,0.0036
narco2,C4-P4,EEG,17648640,391,0.0022
narco2,P4-O2,EEG,17648640,525,0.003
narco2,C4-A1,EEG,17648640,264,0.0015
narco2,EMG1-EMG2,EMG,17648640,0,0.0
narco2,ECG1-ECG2,ECG,17648640,62,0.0004
narco2,TORACE,THORAX,17648640,1000764,5.6705
narco2,SAO2,OXYGEN,17648640,17648594,99.9997
narco2,HR,UNKNOWN,17648640,17648305,99.9981
narco2,PLETH,OXYGEN,17648640,17562579,99.5124
narco2,STAT,UNKNOWN,17648640,4823776,27.3323
narco3,ROC-LOC,EOG,23578112,5983,0.0254
narco3,FP2-F4,EEG,23578112,415,0.0018
narco3,F4-C4,EEG,23578112,0,0.0
narco3,C4-P4,EEG,23578112,45,0.0002
narco3,P4-O2,EEG,23578112,40,0.0002
narco3,C4-A1,EEG,23578112,950,0.004
narco3,EMG1-EMG2,EMG,23578112,97971,0.4155
narco3,ECG1-ECG2,ECG,23578112,535927,2.273
narco3,DX1-DX2,OTHER,23578112,952,0.004
narco3,SX1-SX2,OTHER,23578112,373195,1.5828
narco4,FP2-F4,EEG,20121600,0,0.0
narco4,F4-C4,EEG,20121600,319,0.0016
narco4,C4-P4,EEG,20121600,0,0.0
narco4,P4-O2,EEG,20121600,208,0.001
narco4,FP1-F3,EEG,20121600,197,0.001
narco4,F3-C3,EEG,20121600,15,0.0001
narco4,C3-P3,EEG,20121600,18,0.0001
narco4,P3-O1,EEG,20121600,9,0.0
narco4,C4-A1,EEG,20121600,162,0.0008
narco4,ROC-LOC,EOG,20121600,60,0.0003
narco4,EMG1-EMG2,EMG,20121600,8940,0.0444
narco4,ECG1-ECG2,ECG,20121600,699,0.0035
narco4,DX1-DX2,OTHER,20121600,183,0.0009
narco4,SX1-SX2,OTHER,20121600,2350,0.0117
narco4,SAO2,OXYGEN,20121600,20121528,99.9996
narco4,HR,UNKNOWN,20121600,20121483,99.9994
narco4,PLETH,OXYGEN,20121600,20031250,99.551
narco4,STAT,UNKNOWN,20121600,9003285,44.7444
narco5,FP2-F4,EEG,12533760,0,0.0
narco5,F4-C4,EEG,12533760,0,0.0
narco5,C4-P4,EEG,12533760,0,0.0
narco5,P4-O2,EEG,12533760,0,0.0
narco5,C4-A1,EEG,12533760,1127,0.009
narco5,ROC-LOC,EOG,12533760,500,0.004
narco5,EMG1-EMG2,EMG,12533760,0,0.0
narco5,ECG1-ECG2,ECG,12533760,413,0.0033
narco5,DX1-DX2,OTHER,12533760,6944,0.0554
narco5,SX1-SX2,OTHER,12533760,765,0.0061
narco5,SAO2,OXYGEN,12533760,12533712,99.9996
narco5,HR,UNKNOWN,12533760,12533713,99.9996
narco5,PLETH,OXYGEN,12533760,12506270,99.7807
narco5,STAT,UNKNOWN,12533760,4521176,36.072
nfle1,FP2-F4,EEG,16711680,0,0.0
nfle1,F4-C4,EEG,16711680,0,0.0
nfle1,C4-P4,EEG,16711680,0,0.0
nfle1,P4-O2,EEG,16711680,13,0.0001
nfle1,F8-T4,EEG,16711680,1273,0.0076
nfle1,T4-T6,EEG,16711680,4177,0.025
nfle1,FP1-F3,EEG,16711680,383,0.0023
nfle1,F3-C3,EEG,16711680,230,0.0014
nfle1,C3-P3,EEG,16711680,951,0.0057
nfle1,P3-O1,EEG,16711680,1003,0.006
nfle1,F7-T3,EEG,16711680,114,0.0007
nfle1,T3-T5,EEG,16711680,3125,0.0187
nfle1,C4-A1,EEG,16711680,14810,0.0886
nfle1,ROC-LOC,EOG,16711680,13580,0.0813
nfle1,EMG1-EMG2,EMG,16711680,167,0.001
nfle1,ECG1-ECG2,ECG,16711680,25963,0.1554
nfle1,DX1-DX2,OTHER,16711680,7,0.0
nfle1,SX1-SX2,OTHER,16711680,205,0.0012
nfle1,SAO2,OXYGEN,16711680,16711378,99.9982
nfle1,HR,UNKNOWN,16711680,16711394,99.9983
nfle1,PLETH,OXYGEN,16711680,16649250,99.6264
nfle1,STAT,UNKNOWN,16711680,7063217,42.2652
nfle10,FP2-F4,EEG,7541760,0,0.0
nfle10,F4-C4,EEG,7541760,0,0.0
nfle10,C4-P4,EEG,7541760,0,0.0
nfle10,P4-O2,EEG,7541760,0,0.0
nfle10,F8-T4,EEG,7541760,0,0.0
nfle10,T4-T6,EEG,7541760,0,0.0
nfle10,FP1-F3,EEG,7541760,0,0.0
nfle10,F3-C3,EEG,7541760,0,0.0
nfle10,C3-P3,EEG,7541760,0,0.0
nfle10,P3-O1,EEG,7541760,0,0.0
nfle10,F7-T3,EEG,7541760,0,0.0
nfle10,T3-T5,EEG,7541760,0,0.0
nfle10,C4-A1,EEG,7541760,0,0.0
nfle10,ROC-LOC,EOG,7541760,0,0.0
nfle10,EMG1-EMG2,EMG,7541760,0,0.0
nfle10,ECG1-ECG2,ECG,7541760,0,0.0
nfle10,DX1-DX2,OTHER,7541760,0,0.0
nfle10,SX1-SX2,OTHER,7541760,0,0.0
nfle10,SAO2,OXYGEN,7541760,7540660,99.9854
nfle10,HR,UNKNOWN,7541760,7541498,99.9965
nfle10,PLETH,OXYGEN,7541760,0,0.0
nfle10,OX STATUS,OXYGEN,7541760,2660902,35.2822
nfle11,ROC-LOC,EOG,7833600,0,0.0
nfle11,FP2-F4,EEG,7833600,0,0.0
nfle11,F4-C4,EEG,7833600,0,0.0
nfle11,C4-P4,EEG,7833600,0,0.0
nfle11,P4-O2,EEG,7833600,0,0.0
nfle11,F8-T4,EEG,7833600,0,0.0
nfle11,T4-T6,EEG,7833600,0,0.0
nfle11,FP1-F3,EEG,7833600,0,0.0
nfle11,F3-C3,EEG,7833600,0,0.0
nfle11,C3-P3,EEG,7833600,0,0.0
nfle11,P3-O1,EEG,7833600,0,0.0
nfle11,F7-T3,EEG,7833600,0,0.0
nfle11,T3-T5,EEG,7833600,0,0.0
nfle11,C4-A1,EEG,7833600,0,0.0
nfle11,EMG1-EMG2,EMG,7833600,0,0.0
nfle11,ECG1-ECG2,ECG,7833600,0,0.0
nfle11,DX1-DX2,OTHER,7833600,0,0.0
nfle11,SX1-SX2,OTHER,7833600,0,0.0
nfle11,SAO2,OXYGEN,7833600,7833600,100.0
nfle11,HR,UNKNOWN,7833600,7833600,100.0
nfle11,PLETH,OXYGEN,7833600,0,0.0
nfle11,OX STATUS,OXYGEN,7833600,1806001,23.0545
nfle12,FP2-F4,EEG,16389120,0,0.0
nfle12,F4-C4,EEG,16389120,0,0.0
nfle12,C4-P4,EEG,16389120,0,0.0
nfle12,P4-O2,EEG,16389120,0,0.0
nfle12,F8-T4,EEG,16389120,0,0.0
nfle12,T4-T6,EEG,16389120,0,0.0
nfle12,FP1-F3,EEG,16389120,0,0.0
nfle12,F3-C3,EEG,16389120,0,0.0
nfle12,C3-P3,EEG,16389120,70,0.0004
nfle12,P3-O1,EEG,16389120,38,0.0002
nfle12,F7-T3,EEG,16389120,0,0.0
nfle12,T3-T5,EEG,16389120,0,0.0
nfle12,C4-A1,EEG,16389120,99,0.0006
nfle12,ROC-LOC,EOG,16389120,6,0.0
nfle12,EMG1-EMG2,EMG,16389120,0,0.0
nfle12,ECG1-ECG2,ECG,16389120,0,0.0
nfle12,DX1-DX2,OTHER,16389120,26,0.0002
nfle12,SX1-SX2,OTHER,16389120,1,0.0
nfle12,SAO2,OXYGEN,16389120,16389046,99.9995
nfle12,HR,UNKNOWN,16389120,16389034,99.9995
nfle12,PLETH,OXYGEN,16389120,16253941,99.1752
nfle12,STAT,UNKNOWN,16389120,6823725,41.6357
nfle13,FP2-F4,EEG,16589312,0,0.0
nfle13,F4-C4,EEG,16589312,0,0.0
nfle13,C4-P4,EEG,16589312,0,0.0
nfle13,P4-O2,EEG,16589312,0,0.0
nfle13,F8-T4,EEG,16589312,0,0.0
nfle13,T4-T6,EEG,16589312,0,0.0
nfle13,FP1-F3,EEG,16589312,0,0.0
nfle13,F3-C3,EEG,16589312,0,0.0
nfle13,C3-P3,EEG,16589312,0,0.0
nfle13,P3-O1,EEG,16589312,0,0.0
nfle13,F7-T3,EEG,16589312,0,0.0
nfle13,T3-T5,EEG,16589312,26,0.0002
nfle13,C4-A1,EEG,16589312,0,0.0
nfle13,ROC-LOC,EOG,16589312,0,0.0
nfle13,EMG1-EMG2,EMG,16589312,3,0.0
nfle13,ECG1-ECG2,ECG,16589312,2125,0.0128
nfle13,DX1-DX2,OTHER,16589312,17,0.0001
nfle13,SX1-SX2,OTHER,16589312,24,0.0001
nfle13,SAO2,OXYGEN,16589312,16589279,99.9998
nfle13,HR,UNKNOWN,16589312,16589261,99.9997
nfle13,PLETH,OXYGEN,16589312,16513276,99.5417
nfle13,STAT,UNKNOWN,16589312,3468130,20.9058
nfle13,MIC,OTHER,16589312,0,0.0
nfle14,FP2-F4,EEG,15529472,0,0.0
nfle14,F4-C4,EEG,15529472,0,0.0
nfle14,C4-P4,EEG,15529472,0,0.0
nfle14,P4-O2,EEG,15529472,0,0.0
nfle14,F8-T4,EEG,15529472,0,0.0
nfle14,T4-T6,EEG,15529472,0,0.0
nfle14,FP1-F3,EEG,15529472,0,0.0
nfle14,F3-C3,EEG,15529472,0,0.0
nfle14,C3-P3,EEG,15529472,0,0.0
nfle14,P3-O1,EEG,15529472,0,0.0
nfle14,F7-T3,EEG,15529472,0,0.0
nfle14,T3-T5,EEG,15529472,0,0.0
nfle14,C4-A1,EEG,15529472,0,0.0
nfle14,ROC-LOC,EOG,15529472,104,0.0007
nfle14,EMG1-EMG2,EMG,15529472,0,0.0
nfle14,ECG1-ECG2,ECG,15529472,1911,0.0123
nfle14,DX1-DX2,OTHER,15529472,2,0.0
nfle14,SX1-SX2,OTHER,15529472,29,0.0002
nfle14,SAO2,OXYGEN,15529472,15529470,100.0
nfle14,HR,UNKNOWN,15529472,15529466,100.0
nfle14,PLETH,OXYGEN,15529472,15477257,99.6638
nfle14,STAT,UNKNOWN,15529472,3689686,23.7592
nfle14,MIC,OTHER,15529472,0,0.0
nfle15,FP2-F4,EEG,16296960,0,0.0
nfle15,F4-C4,EEG,16296960,0,0.0
nfle15,C4-P4,EEG,16296960,0,0.0
nfle15,P4-O2,EEG,16296960,0,0.0
nfle15,F8-T4,EEG,16296960,0,0.0
nfle15,T4-T6,EEG,16296960,0,0.0
nfle15,FP1-F3,EEG,16296960,0,0.0
nfle15,F3-C3,EEG,16296960,0,0.0
nfle15,C3-P3,EEG,16296960,0,0.0
nfle15,P3-O1,EEG,16296960,0,0.0
nfle15,F7-T3,EEG,16296960,0,0.0
nfle15,T3-T5,EEG,16296960,0,0.0
nfle15,C4-A1,EEG,16296960,0,0.0
nfle15,ROC-LOC,EOG,16296960,175,0.0011
nfle15,EMG1-EMG2,EMG,16296960,196,0.0012
nfle15,ECG1-ECG2,ECG,16296960,7041,0.0432
nfle15,DX1-DX2,OTHER,16296960,25,0.0002
nfle15,SX1-SX2,OTHER,16296960,81,0.0005
nfle15,SAO2,OXYGEN,16296960,16296935,99.9998
nfle15,HR,UNKNOWN,16296960,16296928,99.9998
nfle15,PLETH,OXYGEN,16296960,16243134,99.6697
nfle15,STAT,UNKNOWN,16296960,5146962,31.5823
nfle16,FP2-F4,EEG,15713280,0,0.0
nfle16,F4-C4,EEG,15713280,0,0.0
nfle16,C4-P4,EEG,15713280,0,0.0
nfle16,P4-O2,EEG,15713280,0,0.0
nfle16,F8-T4,EEG,15713280,0,0.0
nfle16,T4-T6,EEG,15713280,0,0.0
nfle16,FP1-F3,EEG,15713280,0,0.0
nfle16,F3-C3,EEG,15713280,0,0.0
nfle16,C3-P3,EEG,15713280,0,0.0
nfle16,P3-O1,EEG,15713280,0,0.0
nfle16,F7-T3,EEG,15713280,0,0.0
nfle16,T3-T5,EEG,15713280,0,0.0
nfle16,C4-A1,EEG,15713280,0,0.0
nfle16,ROC-LOC,EOG,15713280,0,0.0
nfle16,EMG1-EMG2,EMG,15713280,0,0.0
nfle16,ECG1-ECG2,ECG,15713280,454,0.0029
nfle16,DX1-DX2,OTHER,15713280,0,0.0
nfle16,SX1-SX2,OTHER,15713280,0,0.0
nfle16,SAO2,OXYGEN,15713280,15713274,100.0
nfle16,HR,UNKNOWN,15713280,15713275,100.0
nfle16,PLETH,OXYGEN,15713280,15660444,99.6637
nfle16,STAT,UNKNOWN,15713280,1352670,8.6085
nfle17,FP2-F4,EEG,13685760,0,0.0
nfle17,F4-C4,EEG,13685760,0,0.0
nfle17,C4-P4,EEG,13685760,0,0.0
nfle17,P4-O2,EEG,13685760,0,0.0
nfle17,F8-T4,EEG,13685760,0,0.0
nfle17,T4-T6,EEG,13685760,0,0.0
nfle17,FP1-F3,EEG,13685760,0,0.0
nfle17,F3-C3,EEG,13685760,0,0.0
nfle17,C3-P3,EEG,13685760,0,0.0
nfle17,P3-O1,EEG,13685760,0,0.0
nfle17,F7-T3,EEG,13685760,34,0.0002
nfle17,T3-T5,EEG,13685760,0,0.0
nfle17,C4-A1,EEG,13685760,1118,0.0082
nfle17,ROC-LOC,EOG,13685760,150,0.0011
nfle17,EMG1-EMG2,EMG,13685760,0,0.0
nfle17,ECG1-ECG2,ECG,13685760,4726,0.0345
nfle17,DX1-DX2,OTHER,13685760,5,0.0
nfle17,SX1-SX2,OTHER,13685760,0,0.0
nfle17,SAO2,OXYGEN,13685760,13685733,99.9998
nfle17,HR,UNKNOWN,13685760,13685727,99.9998
nfle17,PLETH,OXYGEN,13685760,13662602,99.8308
nfle17,STAT,UNKNOWN,13685760,5399076,39.4503
nfle18,FP2-F4,EEG,17495040,0,0.0
nfle18,F4-C4,EEG,17495040,0,0.0
nfle18,C4-P4,EEG,17495040,0,0.0
nfle18,P4-O2,EEG,17495040,0,0.0
nfle18,F8-T4,EEG,17495040,0,0.0
nfle18,T4-T6,EEG,17495040,0,0.0
nfle18,FP1-F3,EEG,17495040,0,0.0
nfle18,F3-C3,EEG,17495040,0,0.0
nfle18,C3-P3,EEG,17495040,0,0.0
nfle18,P3-O1,EEG,17495040,0,0.0
nfle18,F7-T3,EEG,17495040,0,0.0
nfle18,T3-T5,EEG,17495040,0,0.0
nfle18,C4-A1,EEG,17495040,0,0.0
nfle18,ROC-LOC,EOG,17495040,0,0.0
nfle18,EMG1-EMG2,EMG,17495040,0,0.0
nfle18,ECG1-ECG2,ECG,17495040,3197,0.0183
nfle18,DX1-DX2,OTHER,17495040,12,0.0001
nfle18,SX1-SX2,OTHER,17495040,27,0.0002
nfle18,SAO2,OXYGEN,17495040,17495039,100.0
nfle18,HR,UNKNOWN,17495040,17495039,100.0
nfle18,PLETH,OXYGEN,17495040,17416531,99.5512
nfle18,STAT,UNKNOWN,17495040,4734124,27.0598
nfle18,MIC,OTHER,17495040,0,0.0
nfle19,FP2-F4,EEG,6973440,0,0.0
nfle19,F4-C4,EEG,6973440,0,0.0
nfle19,C4-P4,EEG,6973440,0,0.0
nfle19,P4-O2,EEG,6973440,0,0.0
nfle19,F8-T4,EEG,6973440,0,0.0
nfle19,T4-T6,EEG,6973440,0,0.0
nfle19,FP1-F3,EEG,6973440,0,0.0
nfle19,F3-C3,EEG,6973440,0,0.0
nfle19,C3-P3,EEG,6973440,0,0.0
nfle19,P3-O1,EEG,6973440,0,0.0
nfle19,F7-T3,EEG,6973440,0,0.0
nfle19,T3-T5,EEG,6973440,0,0.0
nfle19,C4-A1,EEG,6973440,0,0.0
nfle19,ROC-LOC,EOG,6973440,0,0.0
nfle19,EMG1-EMG2,EMG,6973440,0,0.0
nfle19,ECG1-ECG2,ECG,6973440,0,0.0
nfle19,DX1-DX2,OTHER,6973440,0,0.0
nfle19,SX1-SX2,OTHER,6973440,0,0.0
nfle19,SAO2,OXYGEN,6973440,6973440,100.0
nfle19,HR,UNKNOWN,6973440,6973440,100.0
nfle19,PLETH,OXYGEN,6973440,0,0.0
nfle19,OX STATUS,OXYGEN,6973440,648128,9.2942
nfle2,FP2-F4,EEG,16082432,71,0.0004
nfle2,F4-C4,EEG,16082432,36,0.0002
nfle2,C4-P4,EEG,16082432,560,0.0035
nfle2,P4-O2,EEG,16082432,567,0.0035
nfle2,F8-T4,EEG,16082432,61,0.0004
nfle2,T4-T6,EEG,16082432,54,0.0003
nfle2,FP1-F3,EEG,16082432,67,0.0004
nfle2,F3-C3,EEG,16082432,49,0.0003
nfle2,C3-P3,EEG,16082432,37,0.0002
nfle2,P3-O1,EEG,16082432,25,0.0002
nfle2,F7-T3,EEG,16082432,34,0.0002
nfle2,T3-T5,EEG,16082432,0,0.0
nfle2,C4-A1,EEG,16082432,48,0.0003
nfle2,ROC-LOC,EOG,16082432,192,0.0012
nfle2,EMG1-EMG2,EMG,16082432,12,0.0001
nfle2,ECG1-ECG2,ECG,16082432,7849,0.0488
nfle2,DX1-DX2,OTHER,16082432,17,0.0001
nfle2,SX1-SX2,OTHER,16082432,7,0.0
nfle2,SAO2,OXYGEN,16082432,16082355,99.9995
nfle2,HR,UNKNOWN,16082432,16082369,99.9996
nfle2,PLETH,OXYGEN,16082432,16007219,99.5323
nfle2,STAT,UNKNOWN,16082432,4682912,29.1182
nfle20,FP2-F4,EEG,7373056,0,0.0
nfle20,F4-C4,EEG,7373056,0,0.0
nfle20,C4-P4,EEG,7373056,0,0.0
nfle20,P4-O2,EEG,7373056,0,0.0
nfle20,F8-T4,EEG,7373056,0,0.0
nfle20,T4,UNKNOWN,7373056,0,0.0
nfle20,FP1-F3,EEG,7373056,0,0.0
nfle20,F3-C3,EEG,7373056,0,0.0
nfle20,C3-P3,EEG,7373056,0,0.0
nfle20,P3-O1,EEG,7373056,0,0.0
nfle20,F7-T3,EEG,7373056,0,0.0
nfle20,T3-T5,EEG,7373056,0,0.0
nfle20,C4-A1,EEG,7373056,0,0.0
nfle20,ROC-LOC,EOG,7373056,0,0.0
nfle20,EMG1-EMG2,EMG,7373056,0,0.0
nfle20,ECG1-ECG2,ECG,7373056,0,0.0
nfle20,DX1-DX2,OTHER,7373056,0,0.0
nfle20,SX1-SX2,OTHER,7373056,0,0.0
nfle20,SAO2,OXYGEN,7373056,7373056,100.0
nfle20,HR,UNKNOWN,7373056,7373056,100.0
nfle20,PLETH,OXYGEN,7373056,0,0.0
nfle20,OX STATUS,OXYGEN,7373056,10099,0.137
nfle21,FP2-F4,EEG,17740800,0,0.0
nfle21,F4-C4,EEG,17740800,0,0.0
nfle21,C4-P4,EEG,17740800,0,0.0
nfle21,P4-O2,EEG,17740800,0,0.0
nfle21,F8-T4,EEG,17740800,0,0.0
nfle21,T4-T6,EEG,17740800,0,0.0
nfle21,FP1-F3,EEG,17740800,712,0.004
nfle21,F3-C3,EEG,17740800,720,0.0041
nfle21,C3-P3,EEG,17740800,0,0.0
nfle21,P3-O1,EEG,17740800,0,0.0
nfle21,F7-T3,EEG,17740800,0,0.0
nfle21,T3-T5,EEG,17740800,0,0.0
nfle21,C4-A1,EEG,17740800,0,0.0
nfle21,ROC-LOC,EOG,17740800,0,0.0
nfle21,EMG1-EMG2,EMG,17740800,0,0.0
nfle21,ECG1-ECG2,ECG,17740800,4195,0.0236
nfle21,DX1-DX2,OTHER,17740800,0,0.0
nfle21,SX1-SX2,OTHER,17740800,0,0.0
nfle21,SAO2,OXYGEN,17740800,17738781,99.9886
nfle21,HR,UNKNOWN,17740800,17739062,99.9902
nfle21,PLETH,OXYGEN,17740800,17700233,99.7713
nfle21,STAT,UNKNOWN,17740800,4673960,26.3458
nfle22,FP2-F4,EEG,17111552,0,0.0
nfle22,F4-C4,EEG,17111552,0,0.0
nfle22,C4-P4,EEG,17111552,0,0.0
nfle22,P4-O2,EEG,17111552,0,0.0
nfle22,F8-T4,EEG,17111552,0,0.0
nfle22,T4-T6,EEG,17111552,0,0.0
nfle22,FP1-F3,EEG,17111552,0,0.0
nfle22,F3-C3,EEG,17111552,0,0.0
nfle22,C3-P3,EEG,17111552,0,0.0
nfle22,P3-O1,EEG,17111552,0,0.0
nfle22,F7-T3,EEG,17111552,0,0.0
nfle22,T3-T5,EEG,17111552,0,0.0
nfle22,C4-A1,EEG,17111552,0,0.0
nfle22,ROC-LOC,EOG,17111552,0,0.0
nfle22,EMG1-EMG2,EMG,17111552,2,0.0
nfle22,ECG1-ECG2,ECG,17111552,1134,0.0066
nfle22,DX1-DX2,OTHER,17111552,5,0.0
nfle22,SX1-SX2,OTHER,17111552,0,0.0
nfle22,SAO2,OXYGEN,17111552,17110544,99.9941
nfle22,HR,UNKNOWN,17111552,17111139,99.9976
nfle22,PLETH,OXYGEN,17111552,17039620,99.5796
nfle22,STAT,UNKNOWN,17111552,6984906,40.8198
nfle22,MIC,OTHER,17111552,0,0.0
nfle23,FP2-F4,EEG,8048640,0,0.0
nfle23,F4-C4,EEG,8048640,0,0.0
nfle23,C4-P4,EEG,8048640,0,0.0
nfle23,P4-O2,EEG,8048640,0,0.0
nfle23,F8-T4,EEG,8048640,0,0.0
nfle23,T4-T6,EEG,8048640,0,0.0
nfle23,FP1-F3,EEG,8048640,0,0.0
nfle23,F3-C3,EEG,8048640,0,0.0
nfle23,C3-P3,EEG,8048640,0,0.0
nfle23,P3-O1,EEG,8048640,0,0.0
nfle23,F7-T3,EEG,8048640,0,0.0
nfle23,T3-T5,EEG,8048640,0,0.0
nfle23,C4-A1,EEG,8048640,0,0.0
nfle23,ROC-LOC,EOG,8048640,0,0.0
nfle23,EMG1-EMG2,EMG,8048640,0,0.0
nfle23,ECG1-ECG2,ECG,8048640,0,0.0
nfle23,DX1-DX2,OTHER,8048640,0,0.0
nfle23,SX1-SX2,OTHER,8048640,0,0.0
nfle23,SAO2,OXYGEN,8048640,8048640,100.0
nfle23,HR,UNKNOWN,8048640,8048640,100.0
nfle23,PLETH,OXYGEN,8048640,0,0.0
nfle23,OX STATUS,OXYGEN,8048640,1006694,12.5076
nfle24,FP2-F4,EEG,15559680,0,0.0
nfle24,F4-C4,EEG,15559680,0,0.0
nfle24,C4-P4,EEG,15559680,0,0.0
nfle24,P4-O2,EEG,15559680,0,0.0
nfle24,F8-T4,EEG,15559680,0,0.0
nfle24,T4-T6,EEG,15559680,0,0.0
nfle24,FP1-F3,EEG,15559680,0,0.0
nfle24,F3-C3,EEG,15559680,0,0.0
nfle24,C3-P3,EEG,15559680,0,0.0
nfle24,P3-O1,EEG,15559680,2639,0.017
nfle24,F7-T3,EEG,15559680,0,0.0
nfle24,T3-T5,EEG,15559680,0,0.0
nfle24,C4-A1,EEG,15559680,0,0.0
nfle24,ROC-LOC,EOG,15559680,93,0.0006
nfle24,EMG1-EMG2,EMG,15559680,0,0.0
nfle24,ECG1-ECG2,ECG,15559680,3455,0.0222
nfle24,DX1-DX2,OTHER,15559680,0,0.0
nfle24,SX1-SX2,OTHER,15559680,0,0.0
nfle24,SAO2,OXYGEN,15559680,15559680,100.0
nfle24,HR,UNKNOWN,15559680,15559677,100.0
nfle24,PLETH,OXYGEN,15559680,15505885,99.6543
nfle24,STAT,UNKNOWN,15559680,3871108,24.8791
nfle24,MIC,OTHER,15559680,0,0.0
nfle25,POSITION,OTHER,8017920,8017920,100.0
nfle25,TIB SX,UNKNOWN,8017920,252489,3.1491
nfle25,TIB DX,UNKNOWN,8017920,822421,10.2573
nfle25,MIC,OTHER,8017920,0,0.0
nfle25,C3,UNKNOWN,8017920,0,0.0
nfle25,C4,UNKNOWN,8017920,0,0.0
nfle25,O1,UNKNOWN,8017920,0,0.0
nfle25,O2,UNKNOWN,8017920,0,0.0
nfle25,A1,UNKNOWN,8017920,0,0.0
nfle25,A2,UNKNOWN,8017920,0,0.0
nfle25,ROC,UNKNOWN,8017920,0,0.0
nfle25,LOC,UNKNOWN,8017920,0,0.0
nfle25,ECG1,UNKNOWN,8017920,0,0.0
nfle25,ECG2,UNKNOWN,8017920,201715,2.5158
nfle25,EMG1,UNKNOWN,8017920,0,0.0
nfle25,EMG2,UNKNOWN,8017920,0,0.0
nfle25,FP2,UNKNOWN,8017920,0,0.0
nfle25,F4,UNKNOWN,8017920,0,0.0
nfle25,P4,UNKNOWN,8017920,0,0.0
nfle25,FP1,UNKNOWN,8017920,0,0.0
nfle25,F3,UNKNOWN,8017920,0,0.0
nfle25,P3,UNKNOWN,8017920,0,0.0
nfle25,F8,UNKNOWN,8017920,0,0.0
nfle25,T4,UNKNOWN,8017920,0,0.0
nfle25,T6,UNKNOWN,8017920,0,0.0
nfle25,F7,UNKNOWN,8017920,0,0.0
nfle25,T5,UNKNOWN,8017920,0,0.0
nfle25,T3,UNKNOWN,8017920,0,0.0
nfle25,TORACE,THORAX,8017920,0,0.0
nfle25,ADDDOME,ABDOMEN,8017920,0,0.0
nfle25,STAT,UNKNOWN,8017920,1493696,18.6295
nfle25,HR,UNKNOWN,8017920,8017919,100.0
nfle25,SAO2,OXYGEN,8017920,8017916,100.0
nfle25,PLETH,OXYGEN,8017920,8000681,99.785
nfle26,FP2-F4,EEG,7495680,0,0.0
nfle26,F4-C4,EEG,7495680,0,0.0
nfle26,C4-P4,EEG,7495680,0,0.0
nfle26,P4-O2,EEG,7495680,0,0.0
nfle26,F8-T4,EEG,7495680,0,0.0
nfle26,T4-T6,EEG,7495680,0,0.0
nfle26,FP1-F3,EEG,7495680,0,0.0
nfle26,F3-C3,EEG,7495680,0,0.0
nfle26,C3-P3,EEG,7495680,0,0.0
nfle26,P3-O1,EEG,7495680,0,0.0
nfle26,F7-T3,EEG,7495680,0,0.0
nfle26,T3-T5,EEG,7495680,0,0.0
nfle26,C4-A1,EEG,7495680,0,0.0
nfle26,ROC-LOC,EOG,7495680,0,0.0
nfle26,EMG1-EMG2,EMG,7495680,0,0.0
nfle26,ECG1-ECG2,ECG,7495680,0,0.0
nfle26,DX1-DX2,OTHER,7495680,0,0.0
nfle26,SX1-SX2,OTHER,7495680,0,0.0
nfle26,SAO2,OXYGEN,7495680,7495679,100.0
nfle26,HR,UNKNOWN,7495680,7495680,100.0
nfle26,PLETH,OXYGEN,7495680,0,0.0
nfle26,OX STATUS,OXYGEN,7495680,1242109,16.571
nfle27,FP2-F4,EEG,15974400,5788,0.0362
nfle27,F4-C4,EEG,15974400,6656,0.0417
nfle27,C4-P4,EEG,15974400,6893,0.0432
nfle27,P4-O2,EEG,15974400,6305,0.0395
nfle27,F8-T4,EEG,15974400,6252,0.0391
nfle27,T4-T6,EEG,15974400,6230,0.039
nfle27,FP1-F3,EEG,15974400,6286,0.0394
nfle27,F3-C3,EEG,15974400,5543,0.0347
nfle27,C3-P3,EEG,15974400,4884,0.0306
nfle27,P3-O1,EEG,15974400,5818,0.0364
nfle27,F7-T3,EEG,15974400,6246,0.0391
nfle27,T3-T5,EEG,15974400,6473,0.0405
nfle27,C4-A1,EEG,15974400,5817,0.0364
nfle27,ROC-LOC,EOG,15974400,6715,0.042
nfle27,EMG1-EMG2,EMG,15974400,6103,0.0382
nfle27,ECG1-ECG2,ECG,15974400,6289,0.0394
nfle27,DX1-DX2,OTHER,15974400,5306,0.0332
nfle27,SX1-SX2,OTHER,15974400,5409,0.0339
nfle27,SAO2,OXYGEN,15974400,15974392,99.9999
nfle27,HR,UNKNOWN,15974400,15974390,99.9999
nfle27,PLETH,OXYGEN,15974400,12508017,78.3004
nfle27,STAT,UNKNOWN,15974400,15964482,99.9379
nfle28,FP2-F4,EEG,16972800,0,0.0
nfle28,F4-C4,EEG,16972800,0,0.0
nfle28,C4-P4,EEG,16972800,0,0.0
nfle28,P4-O2,EEG,16972800,0,0.0
nfle28,F8-T4,EEG,16972800,0,0.0
nfle28,T4-T6,EEG,16972800,0,0.0
nfle28,FP1-F3,EEG,16972800,0,0.0
nfle28,F3-C3,EEG,16972800,0,0.0
nfle28,C3-P3,EEG,16972800,0,0.0
nfle28,P3-O1,EEG,16972800,0,0.0
nfle28,F7-T3,EEG,16972800,0,0.0
nfle28,T3-T5,EEG,16972800,0,0.0
nfle28,C4-A1,EEG,16972800,0,0.0
nfle28,ROC-LOC,EOG,16972800,0,0.0
nfle28,EMG1-EMG2,EMG,16972800,0,0.0
nfle28,ECG1-ECG2,ECG,16972800,9948,0.0586
nfle28,DX1-DX2,OTHER,16972800,26,0.0002
nfle28,SX1-SX2,OTHER,16972800,8775,0.0517
nfle28,SAO2,OXYGEN,16972800,16972771,99.9998
nfle28,HR,UNKNOWN,16972800,16972769,99.9998
nfle28,PLETH,OXYGEN,16972800,16884163,99.4778
nfle28,STAT,UNKNOWN,16972800,3431445,20.2173
nfle29,FP2-F4,EEG,15636480,0,0.0
nfle29,F4-C4,EEG,15636480,0,0.0
nfle29,C4-P4,EEG,15636480,0,0.0
nfle29,P4-O2,EEG,15636480,0,0.0
nfle29,F8-T4,EEG,15636480,0,0.0
nfle29,T4-T6,EEG,15636480,0,0.0
nfle29,FP1-F3,EEG,15636480,0,0.0
nfle29,F3-C3,EEG,15636480,0,0.0
nfle29,C3-P3,EEG,15636480,0,0.0
nfle29,P3-O1,EEG,15636480,0,0.0
nfle29,F7-T3,EEG,15636480,0,0.0
nfle29,T3-T5,EEG,15636480,0,0.0
nfle29,C4-A1,EEG,15636480,0,0.0
nfle29,ROC-LOC,EOG,15636480,45,0.0003
nfle29,EMG1-EMG2,EMG,15636480,2,0.0
nfle29,ECG1-ECG2,ECG,15636480,139,0.0009
nfle29,DX1-DX2,OTHER,15636480,0,0.0
nfle29,SX1-SX2,OTHER,15636480,514,0.0033
nfle29,SAO2,OXYGEN,15636480,15636466,99.9999
nfle29,HR,UNKNOWN,15636480,15636466,99.9999
nfle29,PLETH,OXYGEN,15636480,15554029,99.4727
nfle29,STAT,UNKNOWN,15636480,3844169,24.5846
nfle3,FP2-F4,EEG,17126400,0,0.0
nfle3,F4-C4,EEG,17126400,0,0.0
nfle3,C4-P4,EEG,17126400,0,0.0
nfle3,P4-O2,EEG,17126400,0,0.0
nfle3,F8-T4,EEG,17126400,0,0.0
nfle3,T4-T6,EEG,17126400,0,0.0
nfle3,FP1-F3,EEG,17126400,0,0.0
nfle3,F3-C3,EEG,17126400,0,0.0
nfle3,C3-P3,EEG,17126400,0,0.0
nfle3,P3-O1,EEG,17126400,0,0.0
nfle3,F7-T3,EEG,17126400,0,0.0
nfle3,T3-T5,EEG,17126400,0,0.0
nfle3,C4-A1,EEG,17126400,182,0.0011
nfle3,ROC-LOC,EOG,17126400,0,0.0
nfle3,EMG1-EMG2,EMG,17126400,0,0.0
nfle3,ECG1-ECG2,ECG,17126400,11269,0.0658
nfle3,DX1-DX2,OTHER,17126400,222,0.0013
nfle3,SX1-SX2,OTHER,17126400,0,0.0
nfle3,SAO2,OXYGEN,17126400,17126387,99.9999
nfle3,HR,UNKNOWN,17126400,17126387,99.9999
nfle3,PLETH,OXYGEN,17126400,17080498,99.732
nfle3,STAT,UNKNOWN,17126400,7019161,40.9845
nfle30,FP2-F4,EEG,17571840,0,0.0
nfle30,F4-C4,EEG,17571840,0,0.0
nfle30,C4-P4,EEG,17571840,0,0.0
nfle30,P4-O2,EEG,17571840,0,0.0
nfle30,F8-T4,EEG,17571840,0,0.0
nfle30,T4-T6,EEG,17571840,0,0.0
nfle30,FP1-F3,EEG,17571840,0,0.0
nfle30,F3-C3,EEG,17571840,0,0.0
nfle30,C3-P3,EEG,17571840,0,0.0
nfle30,P3-O1,EEG,17571840,0,0.0
nfle30,F7-T3,EEG,17571840,0,0.0
nfle30,T3-T5,EEG,17571840,0,0.0
nfle30,C4-A1,EEG,17571840,0,0.0
nfle30,ROC-LOC,EOG,17571840,219,0.0012
nfle30,EMG1-EMG2,EMG,17571840,0,0.0
nfle30,ECG1-ECG2,ECG,17571840,925,0.0053
nfle30,DX1-DX2,OTHER,17571840,1139,0.0065
nfle30,SX1-SX2,OTHER,17571840,208,0.0012
nfle30,SAO2,OXYGEN,17571840,17571778,99.9996
nfle30,HR,UNKNOWN,17571840,17571692,99.9992
nfle30,PLETH,OXYGEN,17571840,17513956,99.6706
nfle30,STAT,UNKNOWN,17571840,5810208,33.0655
nfle30,MIC,OTHER,17571840,0,0.0
nfle31,FP2-F4,EEG,7610880,0,0.0
nfle31,F4-C4,EEG,7610880,0,0.0
nfle31,C4-P4,EEG,7610880,0,0.0
nfle31,P4-O2,EEG,7610880,0,0.0
nfle31,F8-T4,EEG,7610880,0,0.0
nfle31,T4-T6,EEG,7610880,0,0.0
nfle31,FP1-F3,EEG,7610880,0,0.0
nfle31,F3-C3,EEG,7610880,0,0.0
nfle31,C3-P3,EEG,7610880,0,0.0
nfle31,P3-O1,EEG,7610880,0,0.0
nfle31,F7-T3,EEG,7610880,0,0.0
nfle31,T3-T5,EEG,7610880,0,0.0
nfle31,C4-A1,EEG,7610880,0,0.0
nfle31,ROC-LOC,EOG,7610880,0,0.0
nfle31,EMG1-EMG2,EMG,7610880,0,0.0
nfle31,ECG1-ECG2,ECG,7610880,0,0.0
nfle31,DX1-DX2,OTHER,7610880,0,0.0
nfle31,SX1-SX2,OTHER,7610880,0,0.0
nfle31,MIC,OTHER,7610880,0,0.0
nfle31,CANULA,UNKNOWN,7610880,6564050,86.2456
nfle31,TORACE,THORAX,7610880,441039,5.7948
nfle31,ABDO,ABDOMEN,7610880,1182196,15.533
nfle31,POSITION,OTHER,7610880,0,0.0
nfle31,SAO2,OXYGEN,7610880,7610880,100.0
nfle31,HR,UNKNOWN,7610880,7610877,100.0
nfle31,PLETH,OXYGEN,7610880,0,0.0
nfle31,OX STATUS,OXYGEN,7610880,1707638,22.4368
nfle32,FP2-F4,EEG,16727040,483,0.0029
nfle32,F4-C4,EEG,16727040,0,0.0
nfle32,C4-P4,EEG,16727040,0,0.0
nfle32,P4-O2,EEG,16727040,16,0.0001
nfle32,F8-T4,EEG,16727040,0,0.0
nfle32,T4-T6,EEG,16727040,9,0.0001
nfle32,FP1-F3,EEG,16727040,0,0.0
nfle32,F3-C3,EEG,16727040,0,0.0
nfle32,C3-P3,EEG,16727040,0,0.0
nfle32,P3-O1,EEG,16727040,0,0.0
nfle32,F7-T3,EEG,16727040,0,0.0
nfle32,C4-A1,EEG,16727040,61,0.0004
nfle32,ROC-LOC,EOG,16727040,0,0.0
nfle32,EMG1-EMG2,EMG,16727040,0,0.0
nfle32,ECG1-ECG2,ECG,16727040,1017,0.0061
nfle32,DX1-DX2,OTHER,16727040,8,0.0
nfle32,SX1-SX2,OTHER,16727040,0,0.0
nfle32,SAO2,OXYGEN,16727040,16727023,99.9999
nfle32,HR,UNKNOWN,16727040,16726997,99.9997
nfle32,PLETH,OXYGEN,16727040,16658687,99.5914
nfle32,STAT,UNKNOWN,16727040,3704218,22.1451
nfle33,POSITION,OTHER,15897600,15897561,99.9998
nfle33,DX1,UNKNOWN,15897600,253524,1.5947
nfle33,DX2,UNKNOWN,15897600,207376,1.3044
nfle33,MIC,OTHER,15897600,0,0.0
nfle33,C3,UNKNOWN,15897600,40,0.0003
nfle33,C4,UNKNOWN,15897600,42,0.0003
nfle33,ECG1,UNKNOWN,15897600,888,0.0056
nfle33,ECG2,UNKNOWN,15897600,7026,0.0442
nfle33,A1,UNKNOWN,15897600,41193,0.2591
nfle33,A2,UNKNOWN,15897600,0,0.0
nfle33,ROC,UNKNOWN,15897600,338,0.0021
nfle33,LOC,UNKNOWN,15897600,2163,0.0136
nfle33,O1,UNKNOWN,15897600,44,0.0003
nfle33,O2,UNKNOWN,15897600,118,0.0007
nfle33,EMG1,UNKNOWN,15897600,828,0.0052
nfle33,EMG2,UNKNOWN,15897600,10985,0.0691
nfle33,FP2,UNKNOWN,15897600,48,0.0003
nfle33,F4,UNKNOWN,15897600,0,0.0
nfle33,P4,UNKNOWN,15897600,1176,0.0074
nfle33,FP1,UNKNOWN,15897600,41,0.0003
nfle33,F3,UNKNOWN,15897600,42,0.0003
nfle33,P3,UNKNOWN,15897600,43,0.0003
nfle33,F8,UNKNOWN,15897600,49,0.0003
nfle33,T4,UNKNOWN,15897600,38,0.0002
nfle33,T6,UNKNOWN,15897600,359,0.0023
nfle33,F7,UNKNOWN,15897600,43,0.0003
nfle33,T5,UNKNOWN,15897600,32,0.0002
nfle33,T3,UNKNOWN,15897600,37,0.0002
nfle33,SX1,UNKNOWN,15897600,234278,1.4737
nfle33,SX2,UNKNOWN,15897600,226838,1.4269
nfle33,TORACE,THORAX,15897600,0,0.0
nfle33,ADDOME,ABDOMEN,15897600,0,0.0
nfle33,STAT,UNKNOWN,15897600,5858954,36.8543
nfle33,HR,UNKNOWN,15897600,15897585,99.9999
nfle33,SAO2,OXYGEN,15897600,15897589,99.9999
nfle33,PLETH,OXYGEN,15897600,15840544,99.6411
nfle34,FP2-F4,EEG,15744000,0,0.0
nfle34,F4-C4,EEG,15744000,0,0.0
nfle34,C4-P4,EEG,15744000,0,0.0
nfle34,P4-O2,EEG,15744000,0,0.0
nfle34,F8-T4,EEG,15744000,68244,0.4335
nfle34,T4-T6,EEG,15744000,68364,0.4342
nfle34,FP1-F3,EEG,15744000,0,0.0
nfle34,F3-C3,EEG,15744000,0,0.0
nfle34,C3-P3,EEG,15744000,0,0.0
nfle34,P3-O1,EEG,15744000,0,0.0
nfle34,F7-T3,EEG,15744000,0,0.0
nfle34,T3-T5,EEG,15744000,0,0.0
nfle34,C4-A1,EEG,15744000,0,0.0
nfle34,ROC-LOC,EOG,15744000,0,0.0
nfle34,EMG1-EMG2,EMG,15744000,0,0.0
nfle34,ECG1-ECG2,ECG,15744000,0,0.0
nfle34,DX1-DX2,OTHER,15744000,0,0.0
nfle34,SX1-SX2,OTHER,15744000,0,0.0
nfle34,SAO2,OXYGEN,15744000,15743996,100.0
nfle34,HR,UNKNOWN,15744000,15743998,100.0
nfle34,PLETH,OXYGEN,15744000,15676235,99.5696
nfle34,STAT,UNKNOWN,15744000,5684255,36.1043
nfle35,FP2-F4,EEG,15436800,60,0.0004
nfle35,F4-C4,EEG,15436800,0,0.0
nfle35,C4-P4,EEG,15436800,0,0.0
nfle35,P4-O2,EEG,15436800,63,0.0004
nfle35,F8-T4,EEG,15436800,0,0.0
nfle35,T4-T6,EEG,15436800,0,0.0
nfle35,FP1-F3,EEG,15436800,48,0.0003
nfle35,F3-C3,EEG,15436800,1,0.0
nfle35,C3-P3,EEG,15436800,0,0.0
nfle35,P3-O1,EEG,15436800,0,0.0
nfle35,F7-T3,EEG,15436800,0,0.0
nfle35,T3-T5,EEG,15436800,0,0.0
nfle35,C4-A1,EEG,15436800,0,0.0
nfle35,ROC-LOC,EOG,15436800,2048,0.0133
nfle35,EMG1-EMG2,EMG,15436800,2,0.0
nfle35,ECG1-ECG2,ECG,15436800,53007,0.3434
nfle35,DX1-DX2,OTHER,15436800,10817,0.0701
nfle35,SX1-SX2,OTHER,15436800,53,0.0003
nfle35,SAO2,OXYGEN,15436800,15436181,99.996
nfle35,HR,UNKNOWN,15436800,15436311,99.9968
nfle35,PLETH,OXYGEN,15436800,15378901,99.6249
nfle35,STAT,UNKNOWN,15436800,7349546,47.6106
nfle36,FP2-F4,EEG,17019392,0,0.0
nfle36,F4-C4,EEG,17019392,0,0.0
nfle36,C4-P4,EEG,17019392,296,0.0017
nfle36,P4-O2,EEG,17019392,0,0.0
nfle36,F8-T4,EEG,17019392,0,0.0
nfle36,T4-T6,EEG,17019392,295,0.0017
nfle36,FP1-F3,EEG,17019392,0,0.0
nfle36,F3-C3,EEG,17019392,18,0.0001
nfle36,C3-P3,EEG,17019392,62,0.0004
nfle36,P3-O1,EEG,17019392,103,0.0006
nfle36,F7-T3,EEG,17019392,0,0.0
nfle36,T3-T5,EEG,17019392,0,0.0
nfle36,C4-A1,EEG,17019392,459,0.0027
nfle36,ROC-LOC,EOG,17019392,517,0.003
nfle36,EMG1-EMG2,EMG,17019392,0,0.0
nfle36,ECG1-ECG2,ECG,17019392,864,0.0051
nfle36,DX1-DX2,OTHER,17019392,967,0.0057
nfle36,SX1-SX2,OTHER,17019392,16,0.0001
nfle36,SAO2,OXYGEN,17019392,17019339,99.9997
nfle36,HR,UNKNOWN,17019392,17019333,99.9997
nfle36,PLETH,OXYGEN,17019392,16942424,99.5478
nfle36,STAT,UNKNOWN,17019392,6123376,35.9788
nfle37,FP2-F4,EEG,15468032,0,0.0
nfle37,F4-C4,EEG,15468032,0,0.0
nfle37,C4-P4,EEG,15468032,0,0.0
nfle37,P4-O2,EEG,15468032,0,0.0
nfle37,F8-T4,EEG,15468032,45,0.0003
nfle37,T4-T6,EEG,15468032,199,0.0013
nfle37,FP1-F3,EEG,15468032,75,0.0005
nfle37,F3-C3,EEG,15468032,0,0.0
nfle37,C3-P3,EEG,15468032,0,0.0
nfle37,P3-O1,EEG,15468032,0,0.0
nfle37,F7-T3,EEG,15468032,45,0.0003
nfle37,T3-T5,EEG,15468032,0,0.0
nfle37,C4-A1,EEG,15468032,0,0.0
nfle37,ROC-LOC,EOG,15468032,32,0.0002
nfle37,EMG1-EMG2,EMG,15468032,0,0.0
nfle37,ECG1-ECG2,ECG,15468032,23,0.0001
nfle37,DX1-DX2,OTHER,15468032,0,0.0
nfle37,SX1-SX2,OTHER,15468032,0,0.0
nfle37,SAO2,OXYGEN,15468032,15468032,100.0
nfle37,HR,UNKNOWN,15468032,15468031,100.0
nfle37,PLETH,OXYGEN,15468032,15425033,99.722
nfle37,STAT,UNKNOWN,15468032,2307426,14.9174
nfle37,MIC,OTHER,15468032,0,0.0
nfle38,FP2-F4,EEG,17326592,0,0.0
nfle38,F4-C4,EEG,17326592,80,0.0005
nfle38,C4-P4,EEG,17326592,76,0.0004
nfle38,P4-O2,EEG,17326592,175,0.001
nfle38,F8-T4,EEG,17326592,17,0.0001
nfle38,T4-T6,EEG,17326592,0,0.0
nfle38,FP1-F3,EEG,17326592,0,0.0
nfle38,F3-C3,EEG,17326592,0,0.0
nfle38,C3-P3,EEG,17326592,27,0.0002
nfle38,P3-O1,EEG,17326592,0,0.0
nfle38,F7-T3,EEG,17326592,0,0.0
nfle38,T3-T5,EEG,17326592,0,0.0
nfle38,C4-A1,EEG,17326592,91,0.0005
nfle38,ROC-LOC,EOG,17326592,0,0.0
nfle38,EMG1-EMG2,EMG,17326592,38,0.0002
nfle38,ECG1-ECG2,ECG,17326592,325,0.0019
nfle38,DX1-DX2,OTHER,17326592,2,0.0
nfle38,SX1-SX2,OTHER,17326592,0,0.0
nfle38,SAO2,OXYGEN,17326592,17326570,99.9999
nfle38,HR,UNKNOWN,17326592,17326553,99.9998
nfle38,PLETH,OXYGEN,17326592,17256173,99.5936
nfle38,STAT,UNKNOWN,17326592,8714569,50.2959
nfle39,FP2-F4,EEG,15436800,0,0.0
nfle39,F4-C4,EEG,15436800,0,0.0
nfle39,C4-P4,EEG,15436800,0,0.0
nfle39,P4-O2,EEG,15436800,0,0.0
nfle39,F8-T4,EEG,15436800,0,0.0
nfle39,T4-T6,EEG,15436800,0,0.0
nfle39,FP1-F3,EEG,15436800,0,0.0
nfle39,F3-C3,EEG,15436800,0,0.0
nfle39,C3-P3,EEG,15436800,0,0.0
nfle39,P3-O1,EEG,15436800,0,0.0
nfle39,F7-T3,EEG,15436800,0,0.0
nfle39,T3-T5,EEG,15436800,0,0.0
nfle39,C4-A1,EEG,15436800,0,0.0
nfle39,ROC-LOC,EOG,15436800,0,0.0
nfle39,EMG1-EMG2,EMG,15436800,285,0.0018
nfle39,ECG1-ECG2,ECG,15436800,14,0.0001
nfle39,DX1-DX2,OTHER,15436800,2,0.0
nfle39,SX1-SX2,OTHER,15436800,0,0.0
nfle39,SAO2,OXYGEN,15436800,15436800,100.0
nfle39,HR,UNKNOWN,15436800,15436800,100.0
nfle39,PLETH,OXYGEN,15436800,15396829,99.7411
nfle39,STAT,UNKNOWN,15436800,870117,5.6366
nfle4,FP2-F4,EEG,17756160,0,0.0
nfle4,F4-C4,EEG,17756160,0,0.0
nfle4,C4-P4,EEG,17756160,0,0.0
nfle4,P4-O2,EEG,17756160,0,0.0
nfle4,F8-T4,EEG,17756160,0,0.0
nfle4,T4-T6,EEG,17756160,0,0.0
nfle4,FP1-F3,EEG,17756160,0,0.0
nfle4,F3-C3,EEG,17756160,0,0.0
nfle4,C3-P3,EEG,17756160,0,0.0
nfle4,P3-O1,EEG,17756160,0,0.0
nfle4,F7-T3,EEG,17756160,0,0.0
nfle4,T3-T5,EEG,17756160,0,0.0
nfle4,C4-A1,EEG,17756160,1160,0.0065
nfle4,ROC-LOC,EOG,17756160,6,0.0
nfle4,EMG1-EMG2,EMG,17756160,8,0.0
nfle4,ECG1-ECG2,ECG,17756160,16417,0.0925
nfle4,DX1-DX2,OTHER,17756160,570,0.0032
nfle4,SX1-SX2,OTHER,17756160,1,0.0
nfle4,SAO2,OXYGEN,17756160,17756154,100.0
nfle4,HR,UNKNOWN,17756160,17756154,100.0
nfle4,PLETH,OXYGEN,17756160,17695967,99.661
nfle4,STAT,UNKNOWN,17756160,6043993,34.0389
nfle4,MIC,OTHER,17756160,0,0.0
nfle40,FP2-F4,EEG,16865280,0,0.0
nfle40,F4-C4,EEG,16865280,205,0.0012
nfle40,C4-P4,EEG,16865280,81,0.0005
nfle40,P4-O2,EEG,16865280,0,0.0
nfle40,F8-T4,EEG,16865280,0,0.0
nfle40,T4-T6,EEG,16865280,0,0.0
nfle40,FP1-F3,EEG,16865280,0,0.0
nfle40,F3-C3,EEG,16865280,0,0.0
nfle40,C3-P3,EEG,16865280,0,0.0
nfle40,P3-O1,EEG,16865280,0,0.0
nfle40,F7-T3,EEG,16865280,0,0.0
nfle40,T3-T5,EEG,16865280,0,0.0
nfle40,C4-A1,EEG,16865280,79,0.0005
nfle40,ROC-LOC,EOG,16865280,0,0.0
nfle40,EMG1-EMG2,EMG,16865280,4,0.0
nfle40,ECG1-ECG2,ECG,16865280,4163,0.0247
nfle40,DX1-DX2,OTHER,16865280,0,0.0
nfle40,SX1-SX2,OTHER,16865280,0,0.0
nfle40,SAO2,OXYGEN,16865280,16865277,100.0
nfle40,HR,UNKNOWN,16865280,16865276,100.0
nfle40,PLETH,OXYGEN,16865280,16793680,99.5755
nfle40,STAT,UNKNOWN,16865280,2440517,14.4707
nfle5,FP2-F4,EEG,16972800,0,0.0
nfle5,F4-C4,EEG,16972800,0,0.0
nfle5,C4-P4,EEG,16972800,0,0.0
nfle5,P4-O2,EEG,16972800,0,0.0
nfle5,F8-T4,EEG,16972800,0,0.0
nfle5,T4-T6,EEG,16972800,0,0.0
nfle5,FP1-F3,EEG,16972800,0,0.0
nfle5,F3-C3,EEG,16972800,0,0.0
nfle5,C3-P3,EEG,16972800,0,0.0
nfle5,P3-O1,EEG,16972800,0,0.0
nfle5,F7-T3,EEG,16972800,0,0.0
nfle5,T3-T5,EEG,16972800,0,0.0
nfle5,C4-A1,EEG,16972800,0,0.0
nfle5,ROC-LOC,EOG,16972800,31,0.0002
nfle5,EMG1-EMG2,EMG,16972800,0,0.0
nfle5,ECG1-ECG2,ECG,16972800,781,0.0046
nfle5,DX1-DX2,OTHER,16972800,0,0.0
nfle5,SX1-SX2,OTHER,16972800,0,0.0
nfle5,SAO2,OXYGEN,16972800,16972788,99.9999
nfle5,HR,UNKNOWN,16972800,16972789,99.9999
nfle5,PLETH,OXYGEN,16972800,16882307,99.4668
nfle5,STAT,UNKNOWN,16972800,5057032,29.7949
nfle6,FP2-F4,EEG,6873856,0,0.0
nfle6,F4-C4,EEG,6873856,0,0.0
nfle6,C4-P4,EEG,6873856,0,0.0
nfle6,P4-O2,EEG,6873856,0,0.0
nfle6,F8-T4,EEG,6873856,0,0.0
nfle6,T4-T6,EEG,6873856,0,0.0
nfle6,FP1-F3,EEG,6873856,0,0.0
nfle6,F3-C3,EEG,6873856,0,0.0
nfle6,C3-P3,EEG,6873856,0,0.0
nfle6,P3-O1,EEG,6873856,0,0.0
nfle6,F7-T3,EEG,6873856,0,0.0
nfle6,T3-T5,EEG,6873856,0,0.0
nfle6,C4-A1,EEG,6873856,0,0.0
nfle6,ROC-LOC,EOG,6873856,0,0.0
nfle6,EMG1-EMG2,EMG,6873856,0,0.0
nfle6,ECG1-ECG2,ECG,6873856,0,0.0
nfle6,DX1-DX2,OTHER,6873856,0,0.0
nfle6,SX1-SX2,OTHER,6873856,0,0.0
nfle6,SAO2,OXYGEN,6873856,6873600,99.9963
nfle6,HR,UNKNOWN,6873856,6873600,99.9963
nfle6,PLETH,OXYGEN,6873856,6841025,99.5224
nfle6,OX STATUS,OXYGEN,6873856,15528,0.2259
nfle6,MIC,OTHER,6873856,0,0.0
nfle7,FP2-F4,EEG,17495040,0,0.0
nfle7,F4-C4,EEG,17495040,0,0.0
nfle7,C4-P4,EEG,17495040,0,0.0
nfle7,P4-O2,EEG,17495040,0,0.0
nfle7,F8-T4,EEG,17495040,0,0.0
nfle7,T4-T6,EEG,17495040,0,0.0
nfle7,FP1-F3,EEG,17495040,0,0.0
nfle7,F3-C3,EEG,17495040,0,0.0
nfle7,C3-P3,EEG,17495040,0,0.0
nfle7,P3-O1,EEG,17495040,0,0.0
nfle7,F7-T3,EEG,17495040,0,0.0
nfle7,T3-T5,EEG,17495040,0,0.0
nfle7,C4-A1,EEG,17495040,0,0.0
nfle7,ROC-LOC,EOG,17495040,1220,0.007
nfle7,EMG1-EMG2,EMG,17495040,0,0.0
nfle7,ECG1-ECG2,ECG,17495040,0,0.0
nfle7,DX1-DX2,OTHER,17495040,0,0.0
nfle7,SX1-SX2,OTHER,17495040,743,0.0042
nfle7,SAO2,OXYGEN,17495040,17495036,100.0
nfle7,HR,UNKNOWN,17495040,17495033,100.0
nfle7,PLETH,OXYGEN,17495040,17424711,99.598
nfle7,STAT,UNKNOWN,17495040,2843559,16.2535
nfle8,FP2-F4,EEG,7357440,67,0.0009
nfle8,F4-C4,EEG,7357440,55,0.0007
nfle8,C4-P4,EEG,7357440,31,0.0004
nfle8,P4-O2,EEG,7357440,25,0.0003
nfle8,F8-T4,EEG,7357440,57,0.0008
nfle8,T4-T6,EEG,7357440,62,0.0008
nfle8,FP1-F3,EEG,7357440,60,0.0008
nfle8,F3-C3,EEG,7357440,65,0.0009
nfle8,C3-P3,EEG,7357440,64,0.0009
nfle8,P3-O1,EEG,7357440,52,0.0007
nfle8,F7-T3,EEG,7357440,65,0.0009
nfle8,T3-T5,EEG,7357440,29,0.0004
nfle8,C4-A1,EEG,7357440,67,0.0009
nfle8,ROC-LOC,EOG,7357440,46,0.0006
nfle8,EMG1-EMG2,EMG,7357440,0,0.0
nfle8,ECG1-ECG2,ECG,7357440,184062,2.5017
nfle8,TIB SX,UNKNOWN,7357440,11213,0.1524
nfle8,TIB DX,UNKNOWN,7357440,12651,0.1719
nfle8,SAO2,OXYGEN,7357440,7357432,99.9999
nfle8,HR,UNKNOWN,7357440,7357428,99.9998
nfle8,PLETH,OXYGEN,7357440,7320783,99.5018
nfle8,STAT,UNKNOWN,7357440,2822753,38.366
nfle9,FP2-F4,EEG,23316480,0,0.0
nfle9,F4-C4,EEG,23316480,0,0.0
nfle9,C4-P4,EEG,23316480,0,0.0
nfle9,P4-O2,EEG,23316480,0,0.0
nfle9,FP1-F3,EEG,23316480,0,0.0
nfle9,F3-C3,EEG,23316480,24,0.0001
nfle9,C3-P3,EEG,23316480,22,0.0001
nfle9,P3-O1,EEG,23316480,0,0.0
nfle9,C4-A1,EEG,23316480,27,0.0001
nfle9,ROC-LOC,EOG,23316480,359,0.0015
nfle9,EMG1-EMG2,EMG,23316480,0,0.0
nfle9,ECG1-ECG2,ECG,23316480,2294,0.0098
nfle9,DX1-DX2,OTHER,23316480,33,0.0001
nfle9,SX1-SX2,OTHER,23316480,0,0.0
nfle9,SAO2,OXYGEN,23316480,23316419,99.9997
nfle9,HR,UNKNOWN,23316480,23316400,99.9997
nfle9,PLETH,OXYGEN,23316480,23244482,99.6912
nfle9,STAT,UNKNOWN,23316480,5468228,23.4522
plm1,FP2-F4,EEG,10106880,66,0.0007
plm1,F4-C4,EEG,10106880,65,0.0006
plm1,C4-P4,EEG,10106880,17,0.0002
plm1,P4-O2,EEG,10106880,14,0.0001
plm1,FP1-F3,EEG,10106880,0,0.0
plm1,F3-C3,EEG,10106880,0,0.0
plm1,C3-P3,EEG,10106880,0,0.0
plm1,P3-O1,EEG,10106880,0,0.0
plm1,C4-A1,EEG,10106880,41,0.0004
plm1,ROC-LOC,EOG,10106880,9,0.0001
plm1,EMG1-EMG2,EMG,10106880,25,0.0002
plm1,ECG1-ECG2,ECG,10106880,19954,0.1974
plm1,FLUSSO-0,UNKNOWN,10106880,7065438,69.9072
plm1,TIB SX,UNKNOWN,10106880,641106,6.3433
plm1,TIB DX,UNKNOWN,10106880,841653,8.3275
plm1,SAO2,OXYGEN,10106880,10106871,99.9999
plm1,HR,UNKNOWN,10106880,10106867,99.9999
plm1,PLETH,OXYGEN,10106880,10050634,99.4435
plm1,MIC,OTHER,10106880,0,0.0
plm1,STAT,UNKNOWN,10106880,3484617,34.4777
plm1,POSITION,OTHER,10106880,10106811,99.9993
plm1,FLUSSO-1,UNKNOWN,10106880,7065438,69.9072
plm1,TORACE,THORAX,10106880,1393738,13.79
plm1,ADDDOME,ABDOMEN,10106880,5261464,52.0582
plm10,FP2-F4,EEG,15421440,138,0.0009
plm10,F4-C4,EEG,15421440,872,0.0057
plm10,C4-P4,EEG,15421440,1105,0.0072
plm10,P4-O2,EEG,15421440,592,0.0038
plm10,FP1-F3,EEG,15421440,141,0.0009
plm10,F3-C3,EEG,15421440,3888,0.0252
plm10,C3-P3,EEG,15421440,4063,0.0263
plm10,P3-O1,EEG,15421440,846,0.0055
plm10,C4-A1,EEG,15421440,896,0.0058
plm10,ROC-LOC,EOG,15421440,240,0.0016
plm10,EMG1-EMG2,EMG,15421440,323,0.0021
plm10,ECG1-ECG2,ECG,15421440,147,0.001
plm10,DX1-DX2,OTHER,15421440,1709,0.0111
plm10,SX1-SX2,OTHER,15421440,59,0.0004
plm10,TORACE,THORAX,15421440,3712527,24.0738
plm10,ADDOME,ABDOMEN,15421440,2579983,16.7298
plm10,SAO2,OXYGEN,15421440,15420366,99.993
plm10,HR,UNKNOWN,15421440,15419385,99.9867
plm10,PLETH,OXYGEN,15421440,15313326,99.2989
plm10,STAT,UNKNOWN,15421440,8762277,56.8188
plm2,FP2-F4,EEG,13870080,0,0.0
plm2,F4-C4,EEG,13870080,0,0.0
plm2,C4-P4,EEG,13870080,0,0.0
plm2,P4-O2,EEG,13870080,0,0.0
plm2,FP1-F3,EEG,13870080,0,0.0
plm2,F3-C3,EEG,13870080,0,0.0
plm2,C3-P3,EEG,13870080,0,0.0
plm2,P3-O1,EEG,13870080,0,0.0
plm2,C4-A1,EEG,13870080,0,0.0
plm2,ROC-LOC,EOG,13870080,46,0.0003
plm2,EMG1-EMG2,EMG,13870080,0,0.0
plm2,ECG1-ECG2,ECG,13870080,4245,0.0306
plm2,DX1-DX2,OTHER,13870080,0,0.0
plm2,SX1-SX2,OTHER,13870080,0,0.0
plm2,SAO2,OXYGEN,13870080,13870057,99.9998
plm2,HR,UNKNOWN,13870080,13870041,99.9997
plm2,PLETH,OXYGEN,13870080,13804068,99.5241
plm2,STAT,UNKNOWN,13870080,4099200,29.5543
plm3,FP2-F4,EEG,12902400,0,0.0
plm3,F4-C4,EEG,12902400,0,0.0
plm3,C4-P4,EEG,12902400,0,0.0
plm3,P4-O2,EEG,12902400,0,0.0
plm3,FP1-F3,EEG,12902400,0,0.0
plm3,F3-C3,EEG,12902400,0,0.0
plm3,C3-P3,EEG,12902400,0,0.0
plm3,P3-O1,EEG,12902400,0,0.0
plm3,C4-A1,EEG,12902400,0,0.0
plm3,ROC-LOC,EOG,12902400,0,0.0
plm3,EMG1-EMG2,EMG,12902400,0,0.0
plm3,ECG1-ECG2,ECG,12902400,985,0.0076
plm3,DX1-DX2,OTHER,12902400,1,0.0
plm3,SX1-SX2,OTHER,12902400,0,0.0
plm3,T4-T6,EEG,12902400,238,0.0018
plm3,T3-T5,EEG,12902400,677,0.0052
plm3,SAO2,OXYGEN,12902400,12902389,99.9999
plm3,HR,UNKNOWN,12902400,12902376,99.9998
plm3,PLETH,OXYGEN,12902400,12818189,99.3473
plm3,STAT,UNKNOWN,12902400,7914461,61.341
plm4,ROC-LOC,EOG,21396480,62,0.0003
plm4,FP2-F4,EEG,21396480,77,0.0004
plm4,F4-C4,EEG,21396480,345,0.0016
plm4,C4-P4,EEG,21396480,386,0.0018
plm4,P4-O2,EEG,21396480,554,0.0026
plm4,C4-A1,EEG,21396480,361,0.0017
plm4,EMG1-EMG2,EMG,21396480,4475,0.0209
plm4,ECG1-ECG2,ECG,21396480,20925,0.0978
plm4,DX1-DX2,OTHER,21396480,646,0.003
plm4,SX1-SX2,OTHER,21396480,167,0.0008
plm4,TORACE,THORAX,21396480,4679700,21.8714
plm4,ADDOME,ABDOMEN,21396480,11076208,51.7665
plm5,ROC-LOC,EOG,21857280,3468,0.0159
plm5,FP2-F4,EEG,21857280,0,0.0
plm5,F4-C4,EEG,21857280,0,0.0
plm5,C4-P4,EEG,21857280,0,0.0
plm5,P4-O2,EEG,21857280,69,0.0003
plm5,C4-A1,EEG,21857280,0,0.0
plm5,EMG1-EMG2,EMG,21857280,52,0.0002
plm5,ECG1-ECG2,ECG,21857280,6723,0.0308
plm5,DX1-DX2,OTHER,21857280,5910,0.027
plm5,SX1-SX2,OTHER,21857280,186357,0.8526
plm5,F8-T4,EEG,21857280,0,0.0
plm5,F7-T3,EEG,21857280,0,0.0
plm5,TORACE,THORAX,21857280,5671006,25.9456
plm5,ADDOME,ABDOMEN,21857280,3349912,15.3263
plm5,SAO2,OXYGEN,21857280,21857078,99.9991
plm5,HR,UNKNOWN,21857280,21857103,99.9992
plm5,PLETH,OXYGEN,21857280,21771275,99.6065
plm5,STAT,UNKNOWN,21857280,10841731,49.6024
plm6,FP2-F4,EEG,19415040,0,0.0
plm6,F4-C4,EEG,19415040,0,0.0
plm6,C4-P4,EEG,19415040,0,0.0
plm6,P4-O2,EEG,19415040,0,0.0
plm6,FP1-F3,EEG,19415040,0,0.0
plm6,F3-C3,EEG,19415040,0,0.0
plm6,C3-P3,EEG,19415040,0,0.0
plm6,P3-O1,EEG,19415040,0,0.0
plm6,C4-A1,EEG,19415040,0,0.0
plm6,ROC-LOC,EOG,19415040,0,0.0
plm6,EMG1-EMG2,EMG,19415040,1611,0.0083
plm6,ECG1-ECG2,ECG,19415040,803,0.0041
plm6,DX1-DX2,OTHER,19415040,46,0.0002
plm6,SX1-SX2,OTHER,19415040,0,0.0
plm6,SAO2,OXYGEN,19415040,19414893,99.9992
plm6,HR,UNKNOWN,19415040,19414832,99.9989
plm6,PLETH,OXYGEN,19415040,19333563,99.5803
plm6,STAT,UNKNOWN,19415040,13026317,67.0939
plm7,FP2-F4,EEG,16158720,0,0.0
plm7,F4-C4,EEG,16158720,0,0.0
plm7,C4-P4,EEG,16158720,0,0.0
plm7,P4-O2,EEG,16158720,0,0.0
plm7,C4-A1,EEG,16158720,0,0.0
plm7,ROC-LOC,EOG,16158720,144,0.0009
plm7,EMG1-EMG2,EMG,16158720,0,0.0
plm7,ECG1-ECG2,ECG,16158720,553,0.0034
plm7,DX1-DX2,OTHER,16158720,0,0.0
plm7,SX1-SX2,OTHER,16158720,0,0.0
plm7,SAO2,OXYGEN,16158720,16158668,99.9997
plm7,HR,UNKNOWN,16158720,16158672,99.9997
plm7,PLETH,OXYGEN,16158720,16068393,99.441
plm7,STAT,UNKNOWN,16158720,6814667,42.1733
plm8,ROC-LOC,EOG,14116352,0,0.0
plm8,FP2-F4,EEG,14116352,0,0.0
plm8,F4-C4,EEG,14116352,0,0.0
plm8,C4-P4,EEG,14116352,0,0.0
plm8,P4-O2,EEG,14116352,0,0.0
plm8,C4-A1,EEG,14116352,0,0.0
plm8,EMG1-EMG2,EMG,14116352,0,0.0
plm8,ECG1-ECG2,ECG,14116352,12518,0.0887
plm8,DX1-DX2,OTHER,14116352,0,0.0
plm8,SX1-SX2,OTHER,14116352,0,0.0
plm8,TORACE,THORAX,14116352,4414976,31.2756
plm8,ADDOME,ABDOMEN,14116352,2454268,17.386
plm8,POSITION,OTHER,14116352,14112977,99.9761
plm8,SAO2,OXYGEN,14116352,14116345,100.0
plm8,MIC,OTHER,14116352,0,0.0
plm8,HR,UNKNOWN,14116352,14116338,99.9999
plm8,PLETH,OXYGEN,14116352,14058847,99.5926
plm8,STAT,UNKNOWN,14116352,5526011,39.1462
plm9,FP2-F4,EEG,16097792,0,0.0
plm9,F4-C4,EEG,16097792,0,0.0
plm9,C4-P4,EEG,16097792,0,0.0
plm9,P4-O2,EEG,16097792,0,0.0
plm9,F8-T4,EEG,16097792,0,0.0
plm9,T4-T6,EEG,16097792,0,0.0
plm9,FP1-F3,EEG,16097792,0,0.0
plm9,F3-C3,EEG,16097792,0,0.0
plm9,C3-P3,EEG,16097792,0,0.0
plm9,P3-O1,EEG,16097792,0,0.0
plm9,F7-T3,EEG,16097792,0,0.0
plm9,T3-T5,EEG,16097792,0,0.0
plm9,C4-A1,EEG,16097792,0,0.0
plm9,ROC-LOC,EOG,16097792,0,0.0
plm9,EMG1-EMG2,EMG,16097792,0,0.0
plm9,ECG1-ECG2,ECG,16097792,1,0.0
plm9,DX1-DX2,OTHER,16097792,93,0.0006
plm9,SX1-SX2,OTHER,16097792,0,0.0
plm9,SAO2,OXYGEN,16097792,16097786,100.0
plm9,HR,UNKNOWN,16097792,16097784,100.0
plm9,PLETH,OXYGEN,16097792,16041713,99.6516
plm9,STAT,UNKNOWN,16097792,4638054,28.8117
rbd1,ROC-LOC,EOG,15498752,0,0.0
rbd1,FP2-F4,EEG,15498752,48,0.0003
rbd1,F4-C4,EEG,15498752,0,0.0
rbd1,C4-P4,EEG,15498752,0,0.0
rbd1,P4-O2,EEG,15498752,0,0.0
rbd1,C4-A1,EEG,15498752,0,0.0
rbd1,EMG1-EMG2,EMG,15498752,0,0.0
rbd1,ECG1-ECG2,ECG,15498752,2,0.0
rbd1,DX1-DX2,OTHER,15498752,0,0.0
rbd1,SX1-SX2,OTHER,15498752,0,0.0
rbd1,F8-T4,EEG,15498752,9,0.0001
rbd1,F7-T3,EEG,15498752,1,0.0
rbd1,TORACE,THORAX,15498752,3091185,19.9447
rbd1,ADDOME,ABDOMEN,15498752,2309606,14.9019
rbd1,MIC,OTHER,15498752,0,0.0
rbd10,ROC-LOC,EOG,13179392,1602,0.0122
rbd10,FP2-F4,EEG,13179392,129,0.001
rbd10,F4-C4,EEG,13179392,0,0.0
rbd10,C4-P4,EEG,13179392,0,0.0
rbd10,P4-O2,EEG,13179392,0,0.0
rbd10,FP1-F3,EEG,13179392,0,0.0
rbd10,F3-C3,EEG,13179392,0,0.0
rbd10,C3-P3,EEG,13179392,9,0.0001
rbd10,P3-O1,EEG,13179392,5,0.0
rbd10,C4-A1,EEG,13179392,0,0.0
rbd10,EMG1-EMG2,EMG,13179392,0,0.0
rbd10,ECG1-ECG2,ECG,13179392,182,0.0014
rbd10,DX1-DX2,OTHER,13179392,193,0.0015
rbd10,SX1-SX2,OTHER,13179392,565,0.0043
rbd10,F8-T4,EEG,13179392,6,0.0
rbd10,F7-T3,EEG,13179392,0,0.0
rbd10,TORACE,THORAX,13179392,1348626,10.2328
rbd10,ADDOME,ABDOMEN,13179392,2594669,19.6873
rbd10,SAO2,OXYGEN,13179392,13179045,99.9974
rbd10,HR,UNKNOWN,13179392,13179045,99.9974
rbd10,PLETH,OXYGEN,13179392,13128337,99.6126
rbd10,STAT,UNKNOWN,13179392,9285851,70.4574
rbd11,ROC-LOC,EOG,13179392,1602,0.0122
rbd11,FP2-F4,EEG,13179392,129,0.001
rbd11,F4-C4,EEG,13179392,0,0.0
rbd11,C4-P4,EEG,13179392,0,0.0
rbd11,P4-O2,EEG,13179392,0,0.0
rbd11,FP1-F3,EEG,13179392,0,0.0
rbd11,F3-C3,EEG,13179392,0,0.0
rbd11,C3-P3,EEG,13179392,9,0.0001
rbd11,P3-O1,EEG,13179392,5,0.0
rbd11,C4-A1,EEG,13179392,0,0.0
rbd11,EMG1-EMG2,EMG,13179392,0,0.0
rbd11,ECG1-ECG2,ECG,13179392,182,0.0014
rbd11,DX1-DX2,OTHER,13179392,193,0.0015
rbd11,SX1-SX2,OTHER,13179392,565,0.0043
rbd11,F8-T4,EEG,13179392,6,0.0
rbd11,F7-T3,EEG,13179392,0,0.0
rbd11,TORACE,THORAX,13179392,1348626,10.2328
rbd11,ADDOME,ABDOMEN,13179392,2594669,19.6873
rbd11,SAO2,OXYGEN,13179392,13179045,99.9974
rbd11,HR,UNKNOWN,13179392,13179045,99.9974
rbd11,PLETH,OXYGEN,13179392,13128337,99.6126
rbd11,STAT,UNKNOWN,13179392,9285851,70.4574
rbd12,ROC-LOC,EOG,16481792,1249,0.0076
rbd12,FP2-F4,EEG,16481792,1702,0.0103
rbd12,F4-C4,EEG,16481792,984,0.006
rbd12,C4-P4,EEG,16481792,2194,0.0133
rbd12,P4-O2,EEG,16481792,925,0.0056
rbd12,FP1-F3,EEG,16481792,96,0.0006
rbd12,F3-C3,EEG,16481792,82,0.0005
rbd12,C3-P3,EEG,16481792,1168,0.0071
rbd12,P3-O1,EEG,16481792,957,0.0058
rbd12,C4-A1,EEG,16481792,1277,0.0077
rbd12,EMG1-EMG2,EMG,16481792,76,0.0005
rbd12,ECG1-ECG2,ECG,16481792,71,0.0004
rbd12,DX1-DX2,OTHER,16481792,10,0.0001
rbd12,SX1-SX2,OTHER,16481792,302,0.0018
rbd12,F8-T4,EEG,16481792,24,0.0001
rbd12,F7-T3,EEG,16481792,140,0.0008
rbd12,TORACE,THORAX,16481792,6784460,41.1634
rbd12,ADDOME,ABDOMEN,16481792,1602444,9.7225
rbd12,SAO2,OXYGEN,16481792,16481788,100.0
rbd12,MIC,OTHER,16481792,0,0.0
rbd12,HR,UNKNOWN,16481792,16481783,99.9999
rbd12,PLETH,OXYGEN,16481792,16401201,99.511
rbd12,STAT,UNKNOWN,16481792,5284097,32.0602
rbd13,ROC-LOC,EOG,16020480,138,0.0009
rbd13,FP2-F4,EEG,16020480,0,0.0
rbd13,F4-C4,EEG,16020480,0,0.0
rbd13,C4-P4,EEG,16020480,0,0.0
rbd13,P4-O2,EEG,16020480,0,0.0
rbd13,FP1-F3,EEG,16020480,0,0.0
rbd13,F3-C3,EEG,16020480,0,0.0
rbd13,C3-P3,EEG,16020480,0,0.0
rbd13,P3-O1,EEG,16020480,0,0.0
rbd13,C4-A1,EEG,16020480,70,0.0004
rbd13,EMG1-EMG2,EMG,16020480,4,0.0
rbd13,ECG1-ECG2,ECG,16020480,192,0.0012
rbd13,DX1-DX2,OTHER,16020480,1033,0.0064
rbd13,SX1-SX2,OTHER,16020480,7,0.0
rbd13,F8-T4,EEG,16020480,2,0.0
rbd13,F7-T3,EEG,16020480,30,0.0002
rbd13,TORACE,THORAX,16020480,1499246,9.3583
rbd13,ADDOME,ABDOMEN,16020480,4576924,28.5692
rbd13,SAO2,OXYGEN,16020480,16020455,99.9998
rbd13,HR,UNKNOWN,16020480,16020423,99.9996
rbd13,PLETH,OXYGEN,16020480,15946025,99.5353
rbd13,STAT,UNKNOWN,16020480,5873905,36.665
rbd13,MIC,OTHER,16020480,0,0.0
rbd14,ROC-LOC,EOG,17142272,0,0.0
rbd14,FP2-F4,EEG,17142272,0,0.0
rbd14,F4-C4,EEG,17142272,0,0.0
rbd14,C4-P4,EEG,17142272,0,0.0
rbd14,P4-O2,EEG,17142272,0,0.0
rbd14,C4-A1,EEG,17142272,0,0.0
rbd14,EMG1-EMG2,EMG,17142272,0,0.0
rbd14,ECG1-ECG2,ECG,17142272,0,0.0
rbd14,DX1-DX2,OTHER,17142272,0,0.0
rbd14,SX1-SX2,OTHER,17142272,70,0.0004
rbd14,F8-T4,EEG,17142272,1,0.0
rbd14,F7-T3,EEG,17142272,0,0.0
rbd14,TORACE,THORAX,17142272,6034332,35.2015
rbd14,ADDOME,ABDOMEN,17142272,8803005,51.3526
rbd14,POSITION,OTHER,17142272,17142272,100.0
rbd14,MIC,OTHER,17142272,0,0.0
rbd15,ROC-LOC,EOG,26066432,29,0.0001
rbd15,FP2-F4,EEG,26066432,0,0.0
rbd15,F4-C4,EEG,26066432,0,0.0
rbd15,C4-P4,EEG,26066432,0,0.0
rbd15,P4-O2,EEG,26066432,0,0.0
rbd15,C4-A1,EEG,26066432,0,0.0
rbd15,EMG1-EMG2,EMG,26066432,0,0.0
rbd15,ECG1-ECG2,ECG,26066432,7258,0.0278
rbd15,DX1-DX2,OTHER,26066432,43643,0.1674
rbd15,SX1-SX2,OTHER,26066432,590,0.0023
rbd15,F8-T4,EEG,26066432,27,0.0001
rbd15,F7-T3,EEG,26066432,12,0.0
rbd16,ROC-LOC,EOG,16865792,0,0.0
rbd16,FP2-F4,EEG,16865792,15,0.0001
rbd16,F4-C4,EEG,16865792,0,0.0
rbd16,C4-P4,EEG,16865792,0,0.0
rbd16,P4-O2,EEG,16865792,0,0.0
rbd16,FP1-F3,EEG,16865792,0,0.0
rbd16,F3-C3,EEG,16865792,0,0.0
rbd16,C3-P3,EEG,16865792,0,0.0
rbd16,P3-O1,EEG,16865792,0,0.0
rbd16,C4-A1,EEG,16865792,0,0.0
rbd16,EMG1-EMG2,EMG,16865792,65,0.0004
rbd16,ECG1-ECG2,ECG,16865792,0,0.0
rbd16,DX1-DX2,OTHER,16865792,38,0.0002
rbd16,SX1-SX2,OTHER,16865792,0,0.0
rbd16,F8-T4,EEG,16865792,1,0.0
rbd16,F7-T3,EEG,16865792,0,0.0
rbd16,TORACE,THORAX,16865792,7843940,46.508
rbd16,ADDOME,ABDOMEN,16865792,2307707,13.6828
rbd16,POSITION,OTHER,16865792,16865753,99.9998
rbd16,SAO2,OXYGEN,16865792,16865740,99.9997
rbd16,MIC,OTHER,16865792,0,0.0
rbd16,HR,UNKNOWN,16865792,16865765,99.9998
rbd16,PLETH,OXYGEN,16865792,16754725,99.3415
rbd16,STAT,UNKNOWN,16865792,8136630,48.2434
rbd17,ROC-LOC,EOG,16036352,0,0.0
rbd17,FP2-F4,EEG,16036352,0,0.0
rbd17,F4-C4,EEG,16036352,0,0.0
rbd17,C4-P4,EEG,16036352,0,0.0
rbd17,P4-O2,EEG,16036352,0,0.0
rbd17,FP1-F3,EEG,16036352,0,0.0
rbd17,F3-C3,EEG,16036352,48,0.0003
rbd17,C3-P3,EEG,16036352,16,0.0001
rbd17,P3-O1,EEG,16036352,0,0.0
rbd17,C4-A1,EEG,16036352,722,0.0045
rbd17,EMG1-EMG2,EMG,16036352,0,0.0
rbd17,ECG1-ECG2,ECG,16036352,3067,0.0191
rbd17,DX1-DX2,OTHER,16036352,2,0.0
rbd17,SX1-SX2,OTHER,16036352,83,0.0005
rbd17,SAO2,OXYGEN,16036352,16036178,99.9989
rbd17,HR,UNKNOWN,16036352,16036201,99.9991
rbd17,PLETH,OXYGEN,16036352,15991454,99.72
rbd17,STAT,UNKNOWN,16036352,8166623,50.9257
rbd18,FP2-F4,EEG,16896000,5,0.0
rbd18,F4-C4,EEG,16896000,0,0.0
rbd18,C4-P4,EEG,16896000,0,0.0
rbd18,P4-O2,EEG,16896000,0,0.0
rbd18,F8-T4,EEG,16896000,0,0.0
rbd18,T4-T6,EEG,16896000,142,0.0008
rbd18,FP1-F3,EEG,16896000,0,0.0
rbd18,F3-C3,EEG,16896000,0,0.0
rbd18,C3-P3,EEG,16896000,0,0.0
rbd18,P3-O1,EEG,16896000,0,0.0
rbd18,F7-T3,EEG,16896000,0,0.0
rbd18,T3-T5,EEG,16896000,0,0.0
rbd18,C4-A1,EEG,16896000,33,0.0002
rbd18,ROC-LOC,EOG,16896000,0,0.0
rbd18,EMG1-EMG2,EMG,16896000,0,0.0
rbd18,ECG1-ECG2,ECG,16896000,177,0.001
rbd18,DX1-DX2,OTHER,16896000,0,0.0
rbd18,SX1-SX2,OTHER,16896000,0,0.0
rbd18,SAO2,OXYGEN,16896000,16896000,100.0
rbd18,HR,UNKNOWN,16896000,16896000,100.0
rbd18,PLETH,OXYGEN,16896000,16821667,99.5601
rbd18,STAT,UNKNOWN,16896000,4112106,24.3377
rbd19,ROC-LOC,EOG,17648640,2,0.0
rbd19,FP2-F4,EEG,17648640,0,0.0
rbd19,F4-C4,EEG,17648640,0,0.0
rbd19,C4-P4,EEG,17648640,0,0.0
rbd19,P4-O2,EEG,17648640,0,0.0
rbd19,FP1-F3,EEG,17648640,0,0.0
rbd19,F3-C3,EEG,17648640,0,0.0
rbd19,C3-P3,EEG,17648640,0,0.0
rbd19,P3-O1,EEG,17648640,0,0.0
rbd19,C4-A1,EEG,17648640,0,0.0
rbd19,EMG1-EMG2,EMG,17648640,3,0.0
rbd19,ECG1-ECG2,ECG,17648640,470,0.0027
rbd19,DX1-DX2,OTHER,17648640,79,0.0004
rbd19,SX1-SX2,OTHER,17648640,1,0.0
rbd19,F8-T4,EEG,17648640,100,0.0006
rbd19,F7-T3,EEG,17648640,2,0.0
rbd19,SAO2,OXYGEN,17648640,17648626,99.9999
rbd19,HR,UNKNOWN,17648640,17648616,99.9999
rbd19,PLETH,OXYGEN,17648640,17579598,99.6088
rbd19,STAT,UNKNOWN,17648640,8254648,46.7721
rbd2,ROC-LOC,EOG,18339840,0,0.0
rbd2,FP2-F4,EEG,18339840,0,0.0
rbd2,F4-C4,EEG,18339840,0,0.0
rbd2,C4-P4,EEG,18339840,0,0.0
rbd2,P4-O2,EEG,18339840,0,0.0
rbd2,FP1-F3,EEG,18339840,0,0.0
rbd2,F3-C3,EEG,18339840,0,0.0
rbd2,C3-P3,EEG,18339840,0,0.0
rbd2,P3-O1,EEG,18339840,0,0.0
rbd2,C4-A1,EEG,18339840,0,0.0
rbd2,EMG1-EMG2,EMG,18339840,0,0.0
rbd2,ECG1-ECG2,ECG,18339840,91,0.0005
rbd2,DX1-DX2,OTHER,18339840,88,0.0005
rbd2,SX1-SX2,OTHER,18339840,18,0.0001
rbd2,F8-T4,EEG,18339840,1507,0.0082
rbd2,F7-T3,EEG,18339840,41,0.0002
rbd2,SAO2,OXYGEN,18339840,18339372,99.9974
rbd2,HR,UNKNOWN,18339840,18338933,99.9951
rbd2,PLETH,OXYGEN,18339840,18243846,99.4766
rbd2,STAT,UNKNOWN,18339840,14769030,80.5298
rbd20,ROC-LOC,EOG,15560192,0,0.0
rbd20,FP2-F4,EEG,15560192,0,0.0
rbd20,F4-C4,EEG,15560192,0,0.0
rbd20,C4-P4,EEG,15560192,0,0.0
rbd20,P4-O2,EEG,15560192,0,0.0
rbd20,C4-A1,EEG,15560192,0,0.0
rbd20,EMG1-EMG2,EMG,15560192,0,0.0
rbd20,ECG1-ECG2,ECG,15560192,0,0.0
rbd20,DX1-DX2,OTHER,15560192,0,0.0
rbd20,SX1-SX2,OTHER,15560192,0,0.0
rbd20,F8-T4,EEG,15560192,630,0.004
rbd20,F7-T3,EEG,15560192,7,0.0
rbd20,SAO2,OXYGEN,15560192,15560180,99.9999
rbd20,HR,UNKNOWN,15560192,15560165,99.9998
rbd20,PLETH,OXYGEN,15560192,15516507,99.7193
rbd20,STAT,UNKNOWN,15560192,4515474,29.0194
rbd21,ROC-LOC,EOG,15544320,79,0.0005
rbd21,FP2-F4,EEG,15544320,0,0.0
rbd21,F4-C4,EEG,15544320,0,0.0
rbd21,C4-P4,EEG,15544320,0,0.0
rbd21,P4-O2,EEG,15544320,0,0.0
rbd21,FP1-F3,EEG,15544320,0,0.0
rbd21,F3-C3,EEG,15544320,0,0.0
rbd21,C3-P3,EEG,15544320,0,0.0
rbd21,P3-O1,EEG,15544320,0,0.0
rbd21,C4-A1,EEG,15544320,0,0.0
rbd21,EMG1-EMG2,EMG,15544320,157,0.001
rbd21,ECG1-ECG2,ECG,15544320,1557,0.01
rbd21,DX1-DX2,OTHER,15544320,0,0.0
rbd21,SX1-SX2,OTHER,15544320,0,0.0
rbd21,F8-T4,EEG,15544320,1015,0.0065
rbd21,F7-T3,EEG,15544320,6835,0.044
rbd21,SAO2,OXYGEN,15544320,15544276,99.9997
rbd21,HR,UNKNOWN,15544320,15544213,99.9993
rbd21,PLETH,OXYGEN,15544320,15459065,99.4515
rbd21,STAT,UNKNOWN,15544320,5335719,34.3258
rbd22,ROC-LOC,EOG,18109440,23,0.0001
rbd22,FP2-F4,EEG,18109440,0,0.0
rbd22,F4-C4,EEG,18109440,0,0.0
rbd22,C4-P4,EEG,18109440,0,0.0
rbd22,P4-O2,EEG,18109440,0,0.0
rbd22,FP1-F3,EEG,18109440,0,0.0
rbd22,F3-C3,EEG,18109440,0,0.0
rbd22,C3-P3,EEG,18109440,0,0.0
rbd22,P3-O1,EEG,18109440,0,0.0
rbd22,C4-A1,EEG,18109440,0,0.0
rbd22,EMG1-EMG2,EMG,18109440,8,0.0
rbd22,ECG1-ECG2,ECG,18109440,70,0.0004
rbd22,DX1-DX2,OTHER,18109440,0,0.0
rbd22,SX1-SX2,OTHER,18109440,75,0.0004
rbd22,F8-T4,EEG,18109440,0,0.0
rbd22,F7-T3,EEG,18109440,0,0.0
rbd22,SAO2,OXYGEN,18109440,18109412,99.9998
rbd22,HR,UNKNOWN,18109440,18109401,99.9998
rbd22,PLETH,OXYGEN,18109440,18062261,99.7395
rbd22,STAT,UNKNOWN,18109440,9080283,50.1412
rbd3,ROC-LOC,EOG,18585600,654,0.0035
rbd3,FP2-F4,EEG,18585600,2215,0.0119
rbd3,F4-C4,EEG,18585600,937,0.005
rbd3,C4-P4,EEG,18585600,655,0.0035
rbd3,P4-O2,EEG,18585600,3510,0.0189
rbd3,FP1-F3,EEG,18585600,4406,0.0237
rbd3,F3-C3,EEG,18585600,1207,0.0065
rbd3,C3-P3,EEG,18585600,934,0.005
rbd3,P3-O1,EEG,18585600,1342,0.0072
rbd3,C4-A1,EEG,18585600,902,0.0049
rbd3,EMG1-EMG2,EMG,18585600,51,0.0003
rbd3,ECG1-ECG2,ECG,18585600,2272,0.0122
rbd3,DX1-DX2,OTHER,18585600,297,0.0016
rbd3,SX1-SX2,OTHER,18585600,749,0.004
rbd3,F8-T4,EEG,18585600,85,0.0005
rbd3,F7-T3,EEG,18585600,529,0.0028
rbd3,TORACE,THORAX,18585600,3173391,17.0745
rbd3,ADDOME,ABDOMEN,18585600,4782186,25.7306
rbd3,POSITION,OTHER,18585600,18585561,99.9998
rbd3,SAO2,OXYGEN,18585600,18585187,99.9978
rbd3,MIC,OTHER,18585600,0,0.0
rbd3,HR,UNKNOWN,18585600,18585220,99.998
rbd3,PLETH,OXYGEN,18585600,18479579,99.4296
rbd3,STAT,UNKNOWN,18585600,11743518,63.1861
rbd4,ROC-LOC,EOG,26388992,29,0.0001
rbd4,FP2-F4,EEG,26388992,0,0.0
rbd4,F4-C4,EEG,26388992,0,0.0
rbd4,C4-P4,EEG,26388992,93,0.0004
rbd4,P4-O2,EEG,26388992,91,0.0003
rbd4,C4-A1,EEG,26388992,0,0.0
rbd4,EMG1-EMG2,EMG,26388992,0,0.0
rbd4,ECG1-ECG2,ECG,26388992,2168,0.0082
rbd4,DX1-DX2,OTHER,26388992,1068,0.004
rbd4,SX1-SX2,OTHER,26388992,184,0.0007
rbd4,F8-T4,EEG,26388992,16,0.0001
rbd4,F7-T3,EEG,26388992,0,0.0
rbd4,TORACE,THORAX,26388992,15520314,58.8136
rbd4,SAO2,OXYGEN,26388992,26386016,99.9887
rbd4,MIC,OTHER,26388992,0,0.0
rbd4,HR,UNKNOWN,26388992,26386198,99.9894
rbd4,PLETH,OXYGEN,26388992,26289249,99.622
rbd4,STAT,UNKNOWN,26388992,18798083,71.2346
rbd5,ROC-LOC,EOG,17817600,0,0.0
rbd5,FP2-F4,EEG,17817600,307,0.0017
rbd5,F4-C4,EEG,17817600,0,0.0
rbd5,C4-P4,EEG,17817600,0,0.0
rbd5,P4-O2,EEG,17817600,5498,0.0309
rbd5,FP1-F3,EEG,17817600,0,0.0
rbd5,F3-C3,EEG,17817600,0,0.0
rbd5,C3-P3,EEG,17817600,0,0.0
rbd5,P3-O1,EEG,17817600,0,0.0
rbd5,C4-A1,EEG,17817600,0,0.0
rbd5,EMG1-EMG2,EMG,17817600,8,0.0
rbd5,ECG1-ECG2,ECG,17817600,8728,0.049
rbd5,DX1-DX2,OTHER,17817600,0,0.0
rbd5,SX1-SX2,OTHER,17817600,1,0.0
rbd5,F8-T4,EEG,17817600,0,0.0
rbd5,F7-T3,EEG,17817600,114,0.0006
rbd5,TORACE,THORAX,17817600,2193528,12.311
rbd5,ADDOME,ABDOMEN,17817600,3071642,17.2394
rbd5,SAO2,OXYGEN,17817600,17817566,99.9998
rbd5,HR,UNKNOWN,17817600,17817511,99.9995
rbd5,PLETH,OXYGEN,17817600,17759970,99.6766
rbd5,STAT,UNKNOWN,17817600,6704696,37.6296
rbd6,ROC-LOC,EOG,27955200,393,0.0014
rbd6,LOC-ROC,UNKNOWN,27955200,393,0.0014
rbd6,F2-F4,UNKNOWN,27955200,0,0.0
rbd6,F4-C4,EEG,27955200,0,0.0
rbd6,C4-P4,EEG,27955200,0,0.0
rbd6,P4-O2,EEG,27955200,0,0.0
rbd6,C4-A1,EEG,27955200,107,0.0004
rbd6,EMG1-EMG2,EMG,27955200,13,0.0
rbd6,ECG1-ECG2,ECG,27955200,2644,0.0095
rbd6,TERMISTORE,UNKNOWN,27955200,0,0.0
rbd6,TORACE,THORAX,27955200,3424290,12.2492
rbd6,ADDOME,ABDOMEN,27955200,19751105,70.6527
rbd6,DX1-DX2,OTHER,27955200,26475,0.0947
rbd6,SX1-SX2,OTHER,27955200,68055,0.2434
rbd6,HR,UNKNOWN,27955200,27954241,99.9966
rbd6,SPO2,OXYGEN,27955200,27954459,99.9973
rbd7,ROC-LOC,EOG,16189952,0,0.0
rbd7,FP2-F4,EEG,16189952,0,0.0
rbd7,F4-C4,EEG,16189952,0,0.0
rbd7,C4-P4,EEG,16189952,0,0.0
rbd7,P4-O2,EEG,16189952,0,0.0
rbd7,FP1-F3,EEG,16189952,0,0.0
rbd7,F3-C3,EEG,16189952,0,0.0
rbd7,C3-P3,EEG,16189952,0,0.0
rbd7,P3-O1,EEG,16189952,0,0.0
rbd7,C4-A1,EEG,16189952,0,0.0
rbd7,EMG1-EMG2,EMG,16189952,1090,0.0067
rbd7,ECG1-ECG2,ECG,16189952,164,0.001
rbd7,DX1-DX2,OTHER,16189952,0,0.0
rbd7,SX1-SX2,OTHER,16189952,0,0.0
rbd7,F8-T4,EEG,16189952,0,0.0
rbd7,F7-T3,EEG,16189952,0,0.0
rbd7,TORACE,THORAX,16189952,1802402,11.1328
rbd7,ADDOME,ABDOMEN,16189952,3100699,19.152
rbd7,POSITION,OTHER,16189952,16189913,99.9998
rbd7,SAO2,OXYGEN,16189952,16189921,99.9998
rbd7,HR,UNKNOWN,16189952,16189912,99.9998
rbd7,PLETH,OXYGEN,16189952,16107749,99.4923
rbd7,STAT,UNKNOWN,16189952,6869501,42.4306
rbd8,ROC-LOC,EOG,16497152,0,0.0
rbd8,FP2-F4,EEG,16497152,0,0.0
rbd8,F4-C4,EEG,16497152,0,0.0
rbd8,C4-P4,EEG,16497152,0,0.0
rbd8,P4-O2,EEG,16497152,0,0.0
rbd8,FP1-F3,EEG,16497152,0,0.0
rbd8,F3-C3,EEG,16497152,0,0.0
rbd8,C3-P3,EEG,16497152,0,0.0
rbd8,P3-O1,EEG,16497152,0,0.0
rbd8,C4-A1,EEG,16497152,0,0.0
rbd8,EMG1-EMG2,EMG,16497152,0,0.0
rbd8,ECG1-ECG2,ECG,16497152,8979,0.0544
rbd8,DX1-DX2,OTHER,16497152,0,0.0
rbd8,SX1-SX2,OTHER,16497152,47,0.0003
rbd8,F8-T4,EEG,16497152,6,0.0
rbd8,F7-T3,EEG,16497152,3,0.0
rbd8,TORACE,THORAX,16497152,5353726,32.4524
rbd8,ADDOME,ABDOMEN,16497152,4286776,25.9849
rbd8,SAO2,OXYGEN,16497152,16497138,99.9999
rbd8,HR,UNKNOWN,16497152,16497136,99.9999
rbd8,PLETH,OXYGEN,16497152,16453575,99.7359
rbd8,STAT,UNKNOWN,16497152,2992042,18.1367
rbd9,ROC-LOC,EOG,18156032,0,0.0
rbd9,FP2-F4,EEG,18156032,0,0.0
rbd9,F4-C4,EEG,18156032,0,0.0
rbd9,C4-P4,EEG,18156032,0,0.0
rbd9,P4-O2,EEG,18156032,0,0.0
rbd9,FP1-F3,EEG,18156032,0,0.0
rbd9,F3-C3,EEG,18156032,0,0.0
rbd9,C3-P3,EEG,18156032,0,0.0
rbd9,P3-O1,EEG,18156032,0,0.0
rbd9,C4-A1,EEG,18156032,0,0.0
rbd9,EMG1-EMG2,EMG,18156032,0,0.0
rbd9,ECG1-ECG2,ECG,18156032,1032,0.0057
rbd9,DX1-DX2,OTHER,18156032,0,0.0
rbd9,SX1-SX2,OTHER,18156032,0,0.0
rbd9,F8-T4,EEG,18156032,0,0.0
rbd9,F7-T3,EEG,18156032,0,0.0
rbd9,SAO2,OXYGEN,18156032,18155934,99.9995
rbd9,HR,UNKNOWN,18156032,18155962,99.9996
rbd9,PLETH,OXYGEN,18156032,18100223,99.6926
rbd9,STAT,UNKNOWN,18156032,7731366,42.5829
sdb1,FP2-F4,EEG,7234560,7,0.0001
sdb1,F4-C4,EEG,7234560,0,0.0
sdb1,C4-P4,EEG,7234560,0,0.0
sdb1,P4-O2,EEG,7234560,7,0.0001
sdb1,C4-A1,EEG,7234560,0,0.0
sdb1,ROC-LOC,EOG,7234560,0,0.0
sdb1,EMG1-EMG2,EMG,7234560,1049,0.0145
sdb1,ECG1-ECG2,ECG,7234560,382,0.0053
sdb1,TIB SX,UNKNOWN,7234560,453609,6.27
sdb1,TIB DX,UNKNOWN,7234560,393100,5.4336
sdb1,SAO2,OXYGEN,7234560,7234412,99.998
sdb1,HR,UNKNOWN,7234560,7234283,99.9962
sdb1,PLETH,OXYGEN,7234560,7187321,99.347
sdb1,MIC,OTHER,7234560,0,0.0
sdb1,FLUSSO,FLOW,7234560,6641522,91.8027
sdb1,TORACE,THORAX,7234560,2015455,27.8587
sdb1,ADDDOME,ABDOMEN,7234560,932898,12.895
sdb2,FP2-F4,EEG,7879936,0,0.0
sdb2,F4-C4,EEG,7879936,0,0.0
sdb2,C4-P4,EEG,7879936,0,0.0
sdb2,P4-O2,EEG,7879936,0,0.0
sdb2,C4-A1,EEG,7879936,0,0.0
sdb2,ROC-LOC,EOG,7879936,17944,0.2277
sdb2,EMG1-EMG2,EMG,7879936,3055,0.0388
sdb2,ECG1-ECG2,ECG,7879936,109,0.0014
sdb2,FLUSSO,FLOW,7879936,4569249,57.9859
sdb2,TORACE,THORAX,7879936,1521859,19.3131
sdb2,ADDDOME,ABDOMEN,7879936,3224090,40.9152
sdb2,SAO2,OXYGEN,7879936,7879874,99.9992
sdb2,SX1-SX2,OTHER,7879936,1,0.0
sdb2,DX1-DX2,OTHER,7879936,0,0.0
sdb2,HR,UNKNOWN,7879936,7879893,99.9995
sdb2,PLETH,OXYGEN,7879936,7826828,99.326
sdb3,ROC-LOC,EOG,15759360,0,0.0
sdb3,LOC-ROC,UNKNOWN,15759360,0,0.0
sdb3,F2-F4,UNKNOWN,15759360,0,0.0
sdb3,F4-C4,EEG,15759360,0,0.0
sdb3,C4-P4,EEG,15759360,0,0.0
sdb3,P4-O2,EEG,15759360,0,0.0
sdb3,C4-A1,EEG,15759360,43,0.0003
sdb3,EMG1-EMG2,EMG,15759360,0,0.0
sdb3,ECG1-ECG2,ECG,15759360,3266,0.0207
sdb3,TERMISTORE,UNKNOWN,15759360,0,0.0
sdb3,TORACE,THORAX,15759360,4798566,30.449
sdb3,ADDOME,ABDOMEN,15759360,3531615,22.4096
sdb3,DX1-DX2,OTHER,15759360,98,0.0006
sdb3,SX1-SX2,OTHER,15759360,4536,0.0288
sdb3,POSIZIONE,UNKNOWN,15759360,15759360,100.0
sdb3,HR,UNKNOWN,15759360,15759090,99.9983
sdb3,SPO2,OXYGEN,15759360,15759190,99.9989
sdb3,SOUND,UNKNOWN,15759360,0,0.0
sdb4,ROC-LOC,EOG,10007040,106,0.0011
sdb4,FP2-F4,EEG,10007040,111,0.0011
sdb4,F4-C4,EEG,10007040,201,0.002
sdb4,C4-P4,EEG,10007040,19,0.0002
sdb4,P4-O2,EEG,10007040,95,0.0009
sdb4,C4-A1,EEG,10007040,0,0.0
sdb4,EMG1-EMG2,EMG,10007040,3124,0.0312
sdb4,ECG1-ECG2,ECG,10007040,141337,1.4124
sdb4,MIC,OTHER,10007040,0,0.0
sdb4,FLUSSO,FLOW,10007040,2487089,24.8534
sdb4,TORACE,THORAX,10007040,3960022,39.5724
sdb4,ADDDOME,ABDOMEN,10007040,2957614,29.5553
sdb4,SAO2,OXYGEN,10007040,10006893,99.9985
sdb4,SX1-SX2,OTHER,10007040,0,0.0
sdb4,DX1-DX2,OTHER,10007040,0,0.0
sdb4,POSITION,OTHER,10007040,0,0.0
sdb4,HR,UNKNOWN,10007040,10006671,99.9963
sdb4,PLETH,OXYGEN,10007040,9950005,99.4301
