patient,channel,category
brux1,FP2-F4,EEG
brux1,F4-C4,EEG
brux1,C4-P4,EEG
brux1,P4-O2,EEG
brux1,F8-T4,EEG
brux1,T4-T6,EEG
brux1,FP1-F3,EEG
brux1,F3-C3,EEG
brux1,C3-P3,EEG
brux1,P3-O1,EEG
brux1,F7-T3,EEG
brux1,T3-T5,EEG
brux1,C4-A1,EEG
brux1,ROC-LOC,EOG
brux1,EMG1-EMG2,EMG
brux1,ECG1-ECG2,ECG
brux1,DX1-DX2,OTHER
brux1,SX1-SX2,OTHER
brux2,FP2-F4,EEG
brux2,F4-C4,EEG
brux2,C4-P4,EEG
brux2,P4-O2,EEG
brux2,F8-T4,EEG
brux2,T4-T6,EEG
brux2,FP1-F3,EEG
brux2,F3-C3,EEG
brux2,C3-P3,EEG
brux2,P3-O1,EEG
brux2,F7-T3,EEG
brux2,T3-T5,EEG
brux2,C4-A1,EEG
brux2,ROC-LOC,EOG
brux2,EMG1-EMG2,EMG
brux2,ECG1-ECG2,ECG
brux2,DX1-DX2,OTHER
brux2,SX1-SX2,OTHER
ins1,FP2-F4,EEG
ins1,F4-C4,EEG
ins1,C4-P4,EEG
ins1,P4-O2,EEG
ins1,C4-A1,EEG
ins1,ROC-LOC,EOG
ins1,EMG1-EMG2,EMG
ins1,ECG1-ECG2,ECG
ins1,MIC,OTHER
ins1,FLUSSO,FLOW
ins1,TORACE,THORAX
ins1,ADDDOME,ABDOMEN
ins1,SAO2,OXYGEN
ins1,SX1-SX2,OTHER
ins1,DX1-DX2,OTHER
ins1,POSITION,OTHER
ins1,HR,UNKNOWN
ins1,PLETH,OXYGEN
ins2,FP2-F4,EEG
ins2,F4-C4,EEG
ins2,C4-P4,EEG
ins2,P4-O2,EEG
ins2,C4-A1,EEG
ins2,ROC-LOC,EOG
ins2,EMG1-EMG2,EMG
ins2,ECG1-ECG2,ECG
ins2,DX1-DX2,OTHER
ins2,SX1-SX2,OTHER
ins2,SAO2,OXYGEN
ins2,HR,UNKNOWN
ins2,PLETH,OXYGEN
ins2,STAT,UNKNOWN
ins3,ROC-LOC,EOG
ins3,FP2-F4,EEG
ins3,F4-C4,EEG
ins3,C4-P4,EEG
ins3,P4-O2,EEG
ins3,C4-A1,EEG
ins3,EMG1-EMG2,EMG
ins3,ECG1-ECG2,ECG
ins3,DX1-DX2,OTHER
ins3,SX1-SX2,OTHER
ins3,F8-T4,EEG
ins3,F7-T3,EEG
ins3,TORACE,THORAX
ins3,ADDOME,ABDOMEN
ins3,STAT,UNKNOWN
ins4,ROC-LOC,EOG
ins4,FP2-F4,EEG
ins4,F4-C4,EEG
ins4,C4-P4,EEG
ins4,P4-O2,EEG
ins4,C4-A1,EEG
ins4,EMG1-EMG2,EMG
ins4,ECG1-ECG2,ECG
ins5,FP2-F4,EEG
ins5,F4-C4,EEG
ins5,C4-P4,EEG
ins5,P4-O2,EEG
ins5,C4-A1,EEG
ins5,ROC-LOC,EOG
ins5,EMG1-EMG2,EMG
ins5,ECG1-ECG2,ECG
ins5,SAO2,OXYGEN
ins5,HR,UNKNOWN
ins5,PLETH,OXYGEN
ins5,STAT,UNKNOWN
ins6,ROC-LOC,EOG
ins6,FP2-F4,EEG
ins6,F4-C4,EEG
ins6,C4-P4,EEG
ins6,P4-O2,EEG
ins6,C4-A1,EEG
ins6,EMG1-EMG2,EMG
ins6,ECG1-ECG2,ECG
ins6,DX1-DX2,OTHER
ins6,SX1-SX2,OTHER
ins6,SAO2,OXYGEN
ins6,HR,UNKNOWN
ins6,PLETH,OXYGEN
ins6,STAT,UNKNOWN
ins7,FP2-F4,EEG
ins7,F4-C4,EEG
ins7,C4-P4,EEG
ins7,P4-O2,EEG
ins7,C4-A1,EEG
ins7,ROC-LOC,EOG
ins7,EMG1-EMG2,EMG
ins7,ECG1-ECG2,ECG
ins7,SAO2,OXYGEN
ins7,HR,UNKNOWN
ins7,PLETH,OXYGEN
ins7,STAT,UNKNOWN
ins8,ROC-LOC,EOG
ins8,FP2-F4,EEG
ins8,F4-C4,EEG
ins8,C4-P4,EEG
ins8,P4-O2,EEG
ins8,FP1-F3,EEG
ins8,F3-C3,EEG
ins8,C3-P3,EEG
ins8,P3-O1,EEG
ins8,C4-A1,EEG
ins8,EMG1-EMG2,EMG
ins8,ECG1-ECG2,ECG
ins8,DX1-DX2,OTHER
ins8,SX1-SX2,OTHER
ins8,F8-T4,EEG
ins8,F7-T3,EEG
ins8,TORACE,THORAX
ins8,ADDOME,ABDOMEN
ins8,SAO2,OXYGEN
ins8,HR,UNKNOWN
ins8,PLETH,OXYGEN
ins8,STAT,UNKNOWN
ins9,ROC-LOC,EOG
ins9,FP2-F4,EEG
ins9,F4-C4,EEG
ins9,C4-P4,EEG
ins9,P4-O2,EEG
ins9,FP1-F3,EEG
ins9,F3-C3,EEG
ins9,C3-P3,EEG
ins9,P3-O1,EEG
ins9,C4-A1,EEG
ins9,EMG1-EMG2,EMG
ins9,ECG1-ECG2,ECG
ins9,DX1-DX2,OTHER
ins9,SX1-SX2,OTHER
ins9,F8-T4,EEG
ins9,F7-T3,EEG
ins9,TORACE,THORAX
ins9,ADDOME,ABDOMEN
ins9,POSITION,OTHER
ins9,SAO2,OXYGEN
ins9,HR,UNKNOWN
ins9,PLETH,OXYGEN
ins9,STAT,UNKNOWN
n1,ROC-LOC,EOG
n1,LOC-ROC,UNKNOWN
n1,F2-F4,UNKNOWN
n1,F4-C4,EEG
n1,C4-P4,EEG
n1,P4-O2,EEG
n1,F1-F3,UNKNOWN
n1,F3-C3,EEG
n1,C3-P3,EEG
n1,P3-O1,EEG
n1,C4-A1,EEG
n1,EMG1-EMG2,EMG
n1,ECG1-ECG2,ECG
n1,TERMISTORE,UNKNOWN
n1,TORACE,THORAX
n1,ADDOME,ABDOMEN
n1,DX1-DX2,OTHER
n1,SX1-SX2,OTHER
n1,POSIZIONE,UNKNOWN
n1,HR,UNKNOWN
n1,SPO2,OXYGEN
n10,FP2-F4,EEG
n10,F4-C4,EEG
n10,C4-P4,EEG
n10,P4-O2,EEG
n10,F8-T4,EEG
n10,T4-T6,EEG
n10,FP1-F3,EEG
n10,F3-C3,EEG
n10,C3-P3,EEG
n10,P3-O1,EEG
n10,F7-T3,EEG
n10,T3-T5,EEG
n10,C4-A1,EEG
n10,ROC-LOC,EOG
n10,EMG1-EMG2,EMG
n10,ECG1-ECG2,ECG
n10,DX1-DX2,OTHER
n10,SX1-SX2,OTHER
n11,FP2-F4,EEG
n11,F4-C4,EEG
n11,C4-P4,EEG
n11,P4-O2,EEG
n11,F8-T4,EEG
n11,T4-T6,EEG
n11,FP1-F3,EEG
n11,F3-C3,EEG
n11,C3-P3,EEG
n11,P3-O1,EEG
n11,F7-T3,EEG
n11,T3-T5,EEG
n11,C4-A1,EEG
n11,ROC-LOC,EOG
n11,EMG1-EMG2,EMG
n11,ECG1-ECG2,ECG
n11,DX1-DX2,OTHER
n11,SX1-SX2,OTHER
n11,SAO2,OXYGEN
n11,HR,UNKNOWN
n11,PLETH,OXYGEN
n11,STAT,UNKNOWN
n12,LOC / A2,UNKNOWN
n12,ROC / A1,UNKNOWN
n12,CHIN-0,UNKNOWN
n12,CHIN-1,UNKNOWN
n12,C3-A2,EEG
n12,C4-A1,EEG
n12,O1-A2,UNKNOWN
n12,O2-A1,UNKNOWN
n12,EKG,ECG
n13,LOC,UNKNOWN
n13,ROC,UNKNOWN
n13,CHIN1,UNKNOWN
n13,CHIN2,UNKNOWN
n13,F3A2,UNKNOWN
n13,F4A1,UNKNOWN
n13,C3A2,UNKNOWN
n13,C4A1,UNKNOWN
n13,O1A2,UNKNOWN
n13,O2A1,UNKNOWN
n13,ECG,ECG
n14,LOC,UNKNOWN
n14,ROC,UNKNOWN
n14,CHIN1,UNKNOWN
n14,CHIN2,UNKNOWN
n14,F3A2,UNKNOWN
n14,F4A1,UNKNOWN
n14,C3A2,UNKNOWN
n14,C4A1,UNKNOWN
n14,O1A2,UNKNOWN
n14,O2A1,UNKNOWN
n14,ECG,ECG
n15,EOG-L,UNKNOWN
n15,EOG-R,UNKNOWN
n15,CHIN1,UNKNOWN
n15,CHIN2,UNKNOWN
n15,F3A2,UNKNOWN
n15,F4A1,UNKNOWN
n15,C3A2,UNKNOWN
n15,C4A1,UNKNOWN
n15,O1A2,UNKNOWN
n15,O2A1,UNKNOWN
n15,EKG,ECG
n16,FP2-F4,EEG
n16,F4-C4,EEG
n16,C4-P4,EEG
n16,P4-O2,EEG
n16,C4-A1,EEG
n2,FP2-F4,EEG
n2,F4-C4,EEG
n2,C4-P4,EEG
n2,P4-O2,EEG
n2,C4-A1,EEG
n2,ROC-LOC,EOG
n2,EMG1-EMG2,EMG
n2,ECG1-ECG2,ECG
n2,DX1-DX2,OTHER
n2,SX1-SX2,OTHER
n2,SAO2,OXYGEN
n2,HR,UNKNOWN
n2,PLETH,OXYGEN
n2,STAT,UNKNOWN
n2,MIC,OTHER
n3,FP2-F4,EEG
n3,F4-C4,EEG
n3,C4-P4,EEG
n3,P4-O2,EEG
n3,F8-T4,EEG
n3,T4-T6,EEG
n3,FP1-F3,EEG
n3,F3-C3,EEG
n3,C3-P3,EEG
n3,P3-O1,EEG
n3,F7-T3,EEG
n3,T3-T5,EEG
n3,C4-A1,EEG
n3,ROC-LOC,EOG
n3,EMG1-EMG2,EMG
n3,ECG1-ECG2,ECG
n3,DX1-DX2,OTHER
n3,SX1-SX2,OTHER
n3,SAO2,OXYGEN
n3,HR,UNKNOWN
n3,PLETH,OXYGEN
n3,STAT,UNKNOWN
n3,MIC,OTHER
n4,EOG DX,UNKNOWN
n4,FP2-F4,EEG
n4,F4-C4,EEG
n4,C4-P4,EEG
n4,P4-O2,EEG
n4,C4-A1,EEG
n4,MILO,UNKNOWN
n4,EOG SIN,UNKNOWN
n4,TIB DX,UNKNOWN
n4,TIB SIN,UNKNOWN
n4,CANNULA,FLOW
n4,TORACICO,THORAX
n4,EKG,ECG
n4,DELTOIDE,UNKNOWN
n4,HEART RATE VARIA,UNKNOWN
n4,FLATTENING,UNKNOWN
n4,FLOW,FLOW
n5,FP2-F4,EEG
n5,F4-C4,EEG
n5,C4-P4,EEG
n5,P4-O2,EEG
n5,F8-T4,EEG
n5,T4-T6,EEG
n5,FP1-F3,EEG
n5,F3-C3,EEG
n5,C3-P3,EEG
n5,P3-O1,EEG
n5,F7-T3,EEG
n5,T3-T5,EEG
n5,C4-A1,EEG
n5,ROC-LOC,EOG
n5,EMG1-EMG2,EMG
n5,ECG1-ECG2,ECG
n5,DX1-DX2,OTHER
n5,SX1-SX2,OTHER
n5,SAO2,OXYGEN
n5,HR,UNKNOWN
n5,PLETH,OXYGEN
n5,STAT,UNKNOWN
n5,MIC,OTHER
n6,LOC-A1,UNKNOWN
n6,ROC-A2,UNKNOWN
n6,EMG-EMG,UNKNOWN
n6,C3-A2,EEG
n6,O2-A1,UNKNOWN
n6,ECG,ECG
n6,TAG,UNKNOWN
n6,THE,UNKNOWN
n7,LOC-A1,UNKNOWN
n7,ROC-A2,UNKNOWN
n7,EMG-EMG,UNKNOWN
n7,C3-A2,EEG
n7,O2-A1,UNKNOWN
n7,ECG,ECG
n7,TAG,UNKNOWN
n7,THE,UNKNOWN
n8,C3-A2,EEG
n8,C4-P4,EEG
n8,EKG,ECG
n8,EOG-L,UNKNOWN
n8,EOG-R,UNKNOWN
n8,F4-C4,EEG
n8,FP2-F4,EEG
n8,P4-O2,EEG
n8,TIB DX,UNKNOWN
n8,TIB SX,UNKNOWN
n8,ABDOMEN,ABDOMEN
n8,FLOW,FLOW
n8,MILO,UNKNOWN
n8,THORAX,THORAX
n9,LOC-A1,UNKNOWN
n9,ROC-A2,UNKNOWN
n9,EMG,EMG
n9,C3-A2,EEG
n9,O2-A1,UNKNOWN
n9,ECG,ECG
n9,TAG,UNKNOWN
n9,THE,UNKNOWN
narco1,ROC-LOC,EOG
narco1,FP2-F4,EEG
narco1,F4-C4,EEG
narco1,C4-P4,EEG
narco1,P4-O2,EEG
narco1,C4-A1,EEG
narco1,EMG1-EMG2,EMG
narco1,ECG1-ECG2,ECG
narco1,TORACE,THORAX
narco1,DX1-DX2,OTHER
narco1,SX1-SX2,OTHER
narco1,SAO2,OXYGEN
narco1,HR,UNKNOWN
narco1,PLETH,OXYGEN
narco1,STAT,UNKNOWN
narco2,ROC-LOC,EOG
narco2,FP2-F4,EEG
narco2,F4-C4,EEG
narco2,C4-P4,EEG
narco2,P4-O2,EEG
narco2,C4-A1,EEG
narco2,EMG1-EMG2,EMG
narco2,ECG1-ECG2,ECG
narco2,TORACE,THORAX
narco2,SAO2,OXYGEN
narco2,HR,UNKNOWN
narco2,PLETH,OXYGEN
narco2,STAT,UNKNOWN
narco3,ROC-LOC,EOG
narco3,FP2-F4,EEG
narco3,F4-C4,EEG
narco3,C4-P4,EEG
narco3,P4-O2,EEG
narco3,C4-A1,EEG
narco3,EMG1-EMG2,EMG
narco3,ECG1-ECG2,ECG
narco3,DX1-DX2,OTHER
narco3,SX1-SX2,OTHER
narco4,FP2-F4,EEG
narco4,F4-C4,EEG
narco4,C4-P4,EEG
narco4,P4-O2,EEG
narco4,FP1-F3,EEG
narco4,F3-C3,EEG
narco4,C3-P3,EEG
narco4,P3-O1,EEG
narco4,C4-A1,EEG
narco4,ROC-LOC,EOG
narco4,EMG1-EMG2,EMG
narco4,ECG1-ECG2,ECG
narco4,DX1-DX2,OTHER
narco4,SX1-SX2,OTHER
narco4,SAO2,OXYGEN
narco4,HR,UNKNOWN
narco4,PLETH,OXYGEN
narco4,STAT,UNKNOWN
narco5,FP2-F4,EEG
narco5,F4-C4,EEG
narco5,C4-P4,EEG
narco5,P4-O2,EEG
narco5,C4-A1,EEG
narco5,ROC-LOC,EOG
narco5,EMG1-EMG2,EMG
narco5,ECG1-ECG2,ECG
narco5,DX1-DX2,OTHER
narco5,SX1-SX2,OTHER
narco5,SAO2,OXYGEN
narco5,HR,UNKNOWN
narco5,PLETH,OXYGEN
narco5,STAT,UNKNOWN
nfle1,FP2-F4,EEG
nfle1,F4-C4,EEG
nfle1,C4-P4,EEG
nfle1,P4-O2,EEG
nfle1,F8-T4,EEG
nfle1,T4-T6,EEG
nfle1,FP1-F3,EEG
nfle1,F3-C3,EEG
nfle1,C3-P3,EEG
nfle1,P3-O1,EEG
nfle1,F7-T3,EEG
nfle1,T3-T5,EEG
nfle1,C4-A1,EEG
nfle1,ROC-LOC,EOG
nfle1,EMG1-EMG2,EMG
nfle1,ECG1-ECG2,ECG
nfle1,DX1-DX2,OTHER
nfle1,SX1-SX2,OTHER
nfle1,SAO2,OXYGEN
nfle1,HR,UNKNOWN
nfle1,PLETH,OXYGEN
nfle1,STAT,UNKNOWN
nfle10,FP2-F4,EEG
nfle10,F4-C4,EEG
nfle10,C4-P4,EEG
nfle10,P4-O2,EEG
nfle10,F8-T4,EEG
nfle10,T4-T6,EEG
nfle10,FP1-F3,EEG
nfle10,F3-C3,EEG
nfle10,C3-P3,EEG
nfle10,P3-O1,EEG
nfle10,F7-T3,EEG
nfle10,T3-T5,EEG
nfle10,C4-A1,EEG
nfle10,ROC-LOC,EOG
nfle10,EMG1-EMG2,EMG
nfle10,ECG1-ECG2,ECG
nfle10,DX1-DX2,OTHER
nfle10,SX1-SX2,OTHER
nfle10,SAO2,OXYGEN
nfle10,HR,UNKNOWN
nfle10,PLETH,OXYGEN
nfle10,OX STATUS,OXYGEN
nfle11,ROC-LOC,EOG
nfle11,FP2-F4,EEG
nfle11,F4-C4,EEG
nfle11,C4-P4,EEG
nfle11,P4-O2,EEG
nfle11,F8-T4,EEG
nfle11,T4-T6,EEG
nfle11,FP1-F3,EEG
nfle11,F3-C3,EEG
nfle11,C3-P3,EEG
nfle11,P3-O1,EEG
nfle11,F7-T3,EEG
nfle11,T3-T5,EEG
nfle11,C4-A1,EEG
nfle11,EMG1-EMG2,EMG
nfle11,ECG1-ECG2,ECG
nfle11,DX1-DX2,OTHER
nfle11,SX1-SX2,OTHER
nfle11,SAO2,OXYGEN
nfle11,HR,UNKNOWN
nfle11,PLETH,OXYGEN
nfle11,OX STATUS,OXYGEN
nfle12,FP2-F4,EEG
nfle12,F4-C4,EEG
nfle12,C4-P4,EEG
nfle12,P4-O2,EEG
nfle12,F8-T4,EEG
nfle12,T4-T6,EEG
nfle12,FP1-F3,EEG
nfle12,F3-C3,EEG
nfle12,C3-P3,EEG
nfle12,P3-O1,EEG
nfle12,F7-T3,EEG
nfle12,T3-T5,EEG
nfle12,C4-A1,EEG
nfle12,ROC-LOC,EOG
nfle12,EMG1-EMG2,EMG
nfle12,ECG1-ECG2,ECG
nfle12,DX1-DX2,OTHER
nfle12,SX1-SX2,OTHER
nfle12,SAO2,OXYGEN
nfle12,HR,UNKNOWN
nfle12,PLETH,OXYGEN
nfle12,STAT,UNKNOWN
nfle13,FP2-F4,EEG
nfle13,F4-C4,EEG
nfle13,C4-P4,EEG
nfle13,P4-O2,EEG
nfle13,F8-T4,EEG
nfle13,T4-T6,EEG
nfle13,FP1-F3,EEG
nfle13,F3-C3,EEG
nfle13,C3-P3,EEG
nfle13,P3-O1,EEG
nfle13,F7-T3,EEG
nfle13,T3-T5,EEG
nfle13,C4-A1,EEG
nfle13,ROC-LOC,EOG
nfle13,EMG1-EMG2,EMG
nfle13,ECG1-ECG2,ECG
nfle13,DX1-DX2,OTHER
nfle13,SX1-SX2,OTHER
nfle13,SAO2,OXYGEN
nfle13,HR,UNKNOWN
nfle13,PLETH,OXYGEN
nfle13,STAT,UNKNOWN
nfle13,MIC,OTHER
nfle14,FP2-F4,EEG
nfle14,F4-C4,EEG
nfle14,C4-P4,EEG
nfle14,P4-O2,EEG
nfle14,F8-T4,EEG
nfle14,T4-T6,EEG
nfle14,FP1-F3,EEG
nfle14,F3-C3,EEG
nfle14,C3-P3,EEG
nfle14,P3-O1,EEG
nfle14,F7-T3,EEG
nfle14,T3-T5,EEG
nfle14,C4-A1,EEG
nfle14,ROC-LOC,EOG
nfle14,EMG1-EMG2,EMG
nfle14,ECG1-ECG2,ECG
nfle14,DX1-DX2,OTHER
nfle14,SX1-SX2,OTHER
nfle14,SAO2,OXYGEN
nfle14,HR,UNKNOWN
nfle14,PLETH,OXYGEN
nfle14,STAT,UNKNOWN
nfle14,MIC,OTHER
nfle15,FP2-F4,EEG
nfle15,F4-C4,EEG
nfle15,C4-P4,EEG
nfle15,P4-O2,EEG
nfle15,F8-T4,EEG
nfle15,T4-T6,EEG
nfle15,FP1-F3,EEG
nfle15,F3-C3,EEG
nfle15,C3-P3,EEG
nfle15,P3-O1,EEG
nfle15,F7-T3,EEG
nfle15,T3-T5,EEG
nfle15,C4-A1,EEG
nfle15,ROC-LOC,EOG
nfle15,EMG1-EMG2,EMG
nfle15,ECG1-ECG2,ECG
nfle15,DX1-DX2,OTHER
nfle15,SX1-SX2,OTHER
nfle15,SAO2,OXYGEN
nfle15,HR,UNKNOWN
nfle15,PLETH,OXYGEN
nfle15,STAT,UNKNOWN
nfle16,FP2-F4,EEG
nfle16,F4-C4,EEG
nfle16,C4-P4,EEG
nfle16,P4-O2,EEG
nfle16,F8-T4,EEG
nfle16,T4-T6,EEG
nfle16,FP1-F3,EEG
nfle16,F3-C3,EEG
nfle16,C3-P3,EEG
nfle16,P3-O1,EEG
nfle16,F7-T3,EEG
nfle16,T3-T5,EEG
nfle16,C4-A1,EEG
nfle16,ROC-LOC,EOG
nfle16,EMG1-EMG2,EMG
nfle16,ECG1-ECG2,ECG
nfle16,DX1-DX2,OTHER
nfle16,SX1-SX2,OTHER
nfle16,SAO2,OXYGEN
nfle16,HR,UNKNOWN
nfle16,PLETH,OXYGEN
nfle16,STAT,UNKNOWN
nfle17,FP2-F4,EEG
nfle17,F4-C4,EEG
nfle17,C4-P4,EEG
nfle17,P4-O2,EEG
nfle17,F8-T4,EEG
nfle17,T4-T6,EEG
nfle17,FP1-F3,EEG
nfle17,F3-C3,EEG
nfle17,C3-P3,EEG
nfle17,P3-O1,EEG
nfle17,F7-T3,EEG
nfle17,T3-T5,EEG
nfle17,C4-A1,EEG
nfle17,ROC-LOC,EOG
nfle17,EMG1-EMG2,EMG
nfle17,ECG1-ECG2,ECG
nfle17,DX1-DX2,OTHER
nfle17,SX1-SX2,OTHER
nfle17,SAO2,OXYGEN
nfle17,HR,UNKNOWN
nfle17,PLETH,OXYGEN
nfle17,STAT,UNKNOWN
nfle18,FP2-F4,EEG
nfle18,F4-C4,EEG
nfle18,C4-P4,EEG
nfle18,P4-O2,EEG
nfle18,F8-T4,EEG
nfle18,T4-T6,EEG
nfle18,FP1-F3,EEG
nfle18,F3-C3,EEG
nfle18,C3-P3,EEG
nfle18,P3-O1,EEG
nfle18,F7-T3,EEG
nfle18,T3-T5,EEG
nfle18,C4-A1,EEG
nfle18,ROC-LOC,EOG
nfle18,EMG1-EMG2,EMG
nfle18,ECG1-ECG2,ECG
nfle18,DX1-DX2,OTHER
nfle18,SX1-SX2,OTHER
nfle18,SAO2,OXYGEN
nfle18,HR,UNKNOWN
nfle18,PLETH,OXYGEN
nfle18,STAT,UNKNOWN
nfle18,MIC,OTHER
nfle19,FP2-F4,EEG
nfle19,F4-C4,EEG
nfle19,C4-P4,EEG
nfle19,P4-O2,EEG
nfle19,F8-T4,EEG
nfle19,T4-T6,EEG
nfle19,FP1-F3,EEG
nfle19,F3-C3,EEG
nfle19,C3-P3,EEG
nfle19,P3-O1,EEG
nfle19,F7-T3,EEG
nfle19,T3-T5,EEG
nfle19,C4-A1,EEG
nfle19,ROC-LOC,EOG
nfle19,EMG1-EMG2,EMG
nfle19,ECG1-ECG2,ECG
nfle19,DX1-DX2,OTHER
nfle19,SX1-SX2,OTHER
nfle19,SAO2,OXYGEN
nfle19,HR,UNKNOWN
nfle19,PLETH,OXYGEN
nfle19,OX STATUS,OXYGEN
nfle2,FP2-F4,EEG
nfle2,F4-C4,EEG
nfle2,C4-P4,EEG
nfle2,P4-O2,EEG
nfle2,F8-T4,EEG
nfle2,T4-T6,EEG
nfle2,FP1-F3,EEG
nfle2,F3-C3,EEG
nfle2,C3-P3,EEG
nfle2,P3-O1,EEG
nfle2,F7-T3,EEG
nfle2,T3-T5,EEG
nfle2,C4-A1,EEG
nfle2,ROC-LOC,EOG
nfle2,EMG1-EMG2,EMG
nfle2,ECG1-ECG2,ECG
nfle2,DX1-DX2,OTHER
nfle2,SX1-SX2,OTHER
nfle2,SAO2,OXYGEN
nfle2,HR,UNKNOWN
nfle2,PLETH,OXYGEN
nfle2,STAT,UNKNOWN
nfle20,FP2-F4,EEG
nfle20,F4-C4,EEG
nfle20,C4-P4,EEG
nfle20,P4-O2,EEG
nfle20,F8-T4,EEG
nfle20,T4,UNKNOWN
nfle20,FP1-F3,EEG
nfle20,F3-C3,EEG
nfle20,C3-P3,EEG
nfle20,P3-O1,EEG
nfle20,F7-T3,EEG
nfle20,T3-T5,EEG
nfle20,C4-A1,EEG
nfle20,ROC-LOC,EOG
nfle20,EMG1-EMG2,EMG
nfle20,ECG1-ECG2,ECG
nfle20,DX1-DX2,OTHER
nfle20,SX1-SX2,OTHER
nfle20,SAO2,OXYGEN
nfle20,HR,UNKNOWN
nfle20,PLETH,OXYGEN
nfle20,OX STATUS,OXYGEN
nfle21,FP2-F4,EEG
nfle21,F4-C4,EEG
nfle21,C4-P4,EEG
nfle21,P4-O2,EEG
nfle21,F8-T4,EEG
nfle21,T4-T6,EEG
nfle21,FP1-F3,EEG
nfle21,F3-C3,EEG
nfle21,C3-P3,EEG
nfle21,P3-O1,EEG
nfle21,F7-T3,EEG
nfle21,T3-T5,EEG
nfle21,C4-A1,EEG
nfle21,ROC-LOC,EOG
nfle21,EMG1-EMG2,EMG
nfle21,ECG1-ECG2,ECG
nfle21,DX1-DX2,OTHER
nfle21,SX1-SX2,OTHER
nfle21,SAO2,OXYGEN
nfle21,HR,UNKNOWN
nfle21,PLETH,OXYGEN
nfle21,STAT,UNKNOWN
nfle22,FP2-F4,EEG
nfle22,F4-C4,EEG
nfle22,C4-P4,EEG
nfle22,P4-O2,EEG
nfle22,F8-T4,EEG
nfle22,T4-T6,EEG
nfle22,FP1-F3,EEG
nfle22,F3-C3,EEG
nfle22,C3-P3,EEG
nfle22,P3-O1,EEG
nfle22,F7-T3,EEG
nfle22,T3-T5,EEG
nfle22,C4-A1,EEG
nfle22,ROC-LOC,EOG
nfle22,EMG1-EMG2,EMG
nfle22,ECG1-ECG2,ECG
nfle22,DX1-DX2,OTHER
nfle22,SX1-SX2,OTHER
nfle22,SAO2,OXYGEN
nfle22,HR,UNKNOWN
nfle22,PLETH,OXYGEN
nfle22,STAT,UNKNOWN
nfle22,MIC,OTHER
nfle23,FP2-F4,EEG
nfle23,F4-C4,EEG
nfle23,C4-P4,EEG
nfle23,P4-O2,EEG
nfle23,F8-T4,EEG
nfle23,T4-T6,EEG
nfle23,FP1-F3,EEG
nfle23,F3-C3,EEG
nfle23,C3-P3,EEG
nfle23,P3-O1,EEG
nfle23,F7-T3,EEG
nfle23,T3-T5,EEG
nfle23,C4-A1,EEG
nfle23,ROC-LOC,EOG
nfle23,EMG1-EMG2,EMG
nfle23,ECG1-ECG2,ECG
nfle23,DX1-DX2,OTHER
nfle23,SX1-SX2,OTHER
nfle23,SAO2,OXYGEN
nfle23,HR,UNKNOWN
nfle23,PLETH,OXYGEN
nfle23,OX STATUS,OXYGEN
nfle24,FP2-F4,EEG
nfle24,F4-C4,EEG
nfle24,C4-P4,EEG
nfle24,P4-O2,EEG
nfle24,F8-T4,EEG
nfle24,T4-T6,EEG
nfle24,FP1-F3,EEG
nfle24,F3-C3,EEG
nfle24,C3-P3,EEG
nfle24,P3-O1,EEG
nfle24,F7-T3,EEG
nfle24,T3-T5,EEG
nfle24,C4-A1,EEG
nfle24,ROC-LOC,EOG
nfle24,EMG1-EMG2,EMG
nfle24,ECG1-ECG2,ECG
nfle24,DX1-DX2,OTHER
nfle24,SX1-SX2,OTHER
nfle24,SAO2,OXYGEN
nfle24,HR,UNKNOWN
nfle24,PLETH,OXYGEN
nfle24,STAT,UNKNOWN
nfle24,MIC,OTHER
nfle25,POSITION,OTHER
nfle25,TIB SX,UNKNOWN
nfle25,TIB DX,UNKNOWN
nfle25,MIC,OTHER
nfle25,C3,UNKNOWN
nfle25,C4,UNKNOWN
nfle25,O1,UNKNOWN
nfle25,O2,UNKNOWN
nfle25,A1,UNKNOWN
nfle25,A2,UNKNOWN
nfle25,ROC,UNKNOWN
nfle25,LOC,UNKNOWN
nfle25,ECG1,UNKNOWN
nfle25,ECG2,UNKNOWN
nfle25,EMG1,UNKNOWN
nfle25,EMG2,UNKNOWN
nfle25,FP2,UNKNOWN
nfle25,F4,UNKNOWN
nfle25,P4,UNKNOWN
nfle25,FP1,UNKNOWN
nfle25,F3,UNKNOWN
nfle25,P3,UNKNOWN
nfle25,F8,UNKNOWN
nfle25,T4,UNKNOWN
nfle25,T6,UNKNOWN
nfle25,F7,UNKNOWN
nfle25,T5,UNKNOWN
nfle25,T3,UNKNOWN
nfle25,TORACE,THORAX
nfle25,ADDDOME,ABDOMEN
nfle25,STAT,UNKNOWN
nfle25,HR,UNKNOWN
nfle25,SAO2,OXYGEN
nfle25,PLETH,OXYGEN
nfle26,FP2-F4,EEG
nfle26,F4-C4,EEG
nfle26,C4-P4,EEG
nfle26,P4-O2,EEG
nfle26,F8-T4,EEG
nfle26,T4-T6,EEG
nfle26,FP1-F3,EEG
nfle26,F3-C3,EEG
nfle26,C3-P3,EEG
nfle26,P3-O1,EEG
nfle26,F7-T3,EEG
nfle26,T3-T5,EEG
nfle26,C4-A1,EEG
nfle26,ROC-LOC,EOG
nfle26,EMG1-EMG2,EMG
nfle26,ECG1-ECG2,ECG
nfle26,DX1-DX2,OTHER
nfle26,SX1-SX2,OTHER
nfle26,SAO2,OXYGEN
nfle26,HR,UNKNOWN
nfle26,PLETH,OXYGEN
nfle26,OX STATUS,OXYGEN
nfle27,FP2-F4,EEG
nfle27,F4-C4,EEG
nfle27,C4-P4,EEG
nfle27,P4-O2,EEG
nfle27,F8-T4,EEG
nfle27,T4-T6,EEG
nfle27,FP1-F3,EEG
nfle27,F3-C3,EEG
nfle27,C3-P3,EEG
nfle27,P3-O1,EEG
nfle27,F7-T3,EEG
nfle27,T3-T5,EEG
nfle27,C4-A1,EEG
nfle27,ROC-LOC,EOG
nfle27,EMG1-EMG2,EMG
nfle27,ECG1-ECG2,ECG
nfle27,DX1-DX2,OTHER
nfle27,SX1-SX2,OTHER
nfle27,SAO2,OXYGEN
nfle27,HR,UNKNOWN
nfle27,PLETH,OXYGEN
nfle27,STAT,UNKNOWN
nfle28,FP2-F4,EEG
nfle28,F4-C4,EEG
nfle28,C4-P4,EEG
nfle28,P4-O2,EEG
nfle28,F8-T4,EEG
nfle28,T4-T6,EEG
nfle28,FP1-F3,EEG
nfle28,F3-C3,EEG
nfle28,C3-P3,EEG
nfle28,P3-O1,EEG
nfle28,F7-T3,EEG
nfle28,T3-T5,EEG
nfle28,C4-A1,EEG
nfle28,ROC-LOC,EOG
nfle28,EMG1-EMG2,EMG
nfle28,ECG1-ECG2,ECG
nfle28,DX1-DX2,OTHER
nfle28,SX1-SX2,OTHER
nfle28,SAO2,OXYGEN
nfle28,HR,UNKNOWN
nfle28,PLETH,OXYGEN
nfle28,STAT,UNKNOWN
nfle29,FP2-F4,EEG
nfle29,F4-C4,EEG
nfle29,C4-P4,EEG
nfle29,P4-O2,EEG
nfle29,F8-T4,EEG
nfle29,T4-T6,EEG
nfle29,FP1-F3,EEG
nfle29,F3-C3,EEG
nfle29,C3-P3,EEG
nfle29,P3-O1,EEG
nfle29,F7-T3,EEG
nfle29,T3-T5,EEG
nfle29,C4-A1,EEG
nfle29,ROC-LOC,EOG
nfle29,EMG1-EMG2,EMG
nfle29,ECG1-ECG2,ECG
nfle29,DX1-DX2,OTHER
nfle29,SX1-SX2,OTHER
nfle29,SAO2,OXYGEN
nfle29,HR,UNKNOWN
nfle29,PLETH,OXYGEN
nfle29,STAT,UNKNOWN
nfle3,FP2-F4,EEG
nfle3,F4-C4,EEG
nfle3,C4-P4,EEG
nfle3,P4-O2,EEG
nfle3,F8-T4,EEG
nfle3,T4-T6,EEG
nfle3,FP1-F3,EEG
nfle3,F3-C3,EEG
nfle3,C3-P3,EEG
nfle3,P3-O1,EEG
nfle3,F7-T3,EEG
nfle3,T3-T5,EEG
nfle3,C4-A1,EEG
nfle3,ROC-LOC,EOG
nfle3,EMG1-EMG2,EMG
nfle3,ECG1-ECG2,ECG
nfle3,DX1-DX2,OTHER
nfle3,SX1-SX2,OTHER
nfle3,SAO2,OXYGEN
nfle3,HR,UNKNOWN
nfle3,PLETH,OXYGEN
nfle3,STAT,UNKNOWN
nfle30,FP2-F4,EEG
nfle30,F4-C4,EEG
nfle30,C4-P4,EEG
nfle30,P4-O2,EEG
nfle30,F8-T4,EEG
nfle30,T4-T6,EEG
nfle30,FP1-F3,EEG
nfle30,F3-C3,EEG
nfle30,C3-P3,EEG
nfle30,P3-O1,EEG
nfle30,F7-T3,EEG
nfle30,T3-T5,EEG
nfle30,C4-A1,EEG
nfle30,ROC-LOC,EOG
nfle30,EMG1-EMG2,EMG
nfle30,ECG1-ECG2,ECG
nfle30,DX1-DX2,OTHER
nfle30,SX1-SX2,OTHER
nfle30,SAO2,OXYGEN
nfle30,HR,UNKNOWN
nfle30,PLETH,OXYGEN
nfle30,STAT,UNKNOWN
nfle30,MIC,OTHER
nfle31,FP2-F4,EEG
nfle31,F4-C4,EEG
nfle31,C4-P4,EEG
nfle31,P4-O2,EEG
nfle31,F8-T4,EEG
nfle31,T4-T6,EEG
nfle31,FP1-F3,EEG
nfle31,F3-C3,EEG
nfle31,C3-P3,EEG
nfle31,P3-O1,EEG
nfle31,F7-T3,EEG
nfle31,T3-T5,EEG
nfle31,C4-A1,EEG
nfle31,ROC-LOC,EOG
nfle31,EMG1-EMG2,EMG
nfle31,ECG1-ECG2,ECG
nfle31,DX1-DX2,OTHER
nfle31,SX1-SX2,OTHER
nfle31,MIC,OTHER
nfle31,CANULA,UNKNOWN
nfle31,TORACE,THORAX
nfle31,ABDO,ABDOMEN
nfle31,POSITION,OTHER
nfle31,SAO2,OXYGEN
nfle31,HR,UNKNOWN
nfle31,PLETH,OXYGEN
nfle31,OX STATUS,OXYGEN
nfle32,FP2-F4,EEG
nfle32,F4-C4,EEG
nfle32,C4-P4,EEG
nfle32,P4-O2,EEG
nfle32,F8-T4,EEG
nfle32,T4-T6,EEG
nfle32,FP1-F3,EEG
nfle32,F3-C3,EEG
nfle32,C3-P3,EEG
nfle32,P3-O1,EEG
nfle32,F7-T3,EEG
nfle32,C4-A1,EEG
nfle32,ROC-LOC,EOG
nfle32,EMG1-EMG2,EMG
nfle32,ECG1-ECG2,ECG
nfle32,DX1-DX2,OTHER
nfle32,SX1-SX2,OTHER
nfle32,SAO2,OXYGEN
nfle32,HR,UNKNOWN
nfle32,PLETH,OXYGEN
nfle32,STAT,UNKNOWN
nfle33,POSITION,OTHER
nfle33,DX1,UNKNOWN
nfle33,DX2,UNKNOWN
nfle33,MIC,OTHER
nfle33,C3,UNKNOWN
nfle33,C4,UNKNOWN
nfle33,ECG1,UNKNOWN
nfle33,ECG2,UNKNOWN
nfle33,A1,UNKNOWN
nfle33,A2,UNKNOWN
nfle33,ROC,UNKNOWN
nfle33,LOC,UNKNOWN
nfle33,O1,UNKNOWN
nfle33,O2,UNKNOWN
nfle33,EMG1,UNKNOWN
nfle33,EMG2,UNKNOWN
nfle33,FP2,UNKNOWN
nfle33,F4,UNKNOWN
nfle33,P4,UNKNOWN
nfle33,FP1,UNKNOWN
nfle33,F3,UNKNOWN
nfle33,P3,UNKNOWN
nfle33,F8,UNKNOWN
nfle33,T4,UNKNOWN
nfle33,T6,UNKNOWN
nfle33,F7,UNKNOWN
nfle33,T5,UNKNOWN
nfle33,T3,UNKNOWN
nfle33,SX1,UNKNOWN
nfle33,SX2,UNKNOWN
nfle33,TORACE,THORAX
nfle33,ADDOME,ABDOMEN
nfle33,STAT,UNKNOWN
nfle33,HR,UNKNOWN
nfle33,SAO2,OXYGEN
nfle33,PLETH,OXYGEN
nfle34,FP2-F4,EEG
nfle34,F4-C4,EEG
nfle34,C4-P4,EEG
nfle34,P4-O2,EEG
nfle34,F8-T4,EEG
nfle34,T4-T6,EEG
nfle34,FP1-F3,EEG
nfle34,F3-C3,EEG
nfle34,C3-P3,EEG
nfle34,P3-O1,EEG
nfle34,F7-T3,EEG
nfle34,T3-T5,EEG
nfle34,C4-A1,EEG
nfle34,ROC-LOC,EOG
nfle34,EMG1-EMG2,EMG
nfle34,ECG1-ECG2,ECG
nfle34,DX1-DX2,OTHER
nfle34,SX1-SX2,OTHER
nfle34,SAO2,OXYGEN
nfle34,HR,UNKNOWN
nfle34,PLETH,OXYGEN
nfle34,STAT,UNKNOWN
nfle35,FP2-F4,EEG
nfle35,F4-C4,EEG
nfle35,C4-P4,EEG
nfle35,P4-O2,EEG
nfle35,F8-T4,EEG
nfle35,T4-T6,EEG
nfle35,FP1-F3,EEG
nfle35,F3-C3,EEG
nfle35,C3-P3,EEG
nfle35,P3-O1,EEG
nfle35,F7-T3,EEG
nfle35,T3-T5,EEG
nfle35,C4-A1,EEG
nfle35,ROC-LOC,EOG
nfle35,EMG1-EMG2,EMG
nfle35,ECG1-ECG2,ECG
nfle35,DX1-DX2,OTHER
nfle35,SX1-SX2,OTHER
nfle35,SAO2,OXYGEN
nfle35,HR,UNKNOWN
nfle35,PLETH,OXYGEN
nfle35,STAT,UNKNOWN
nfle36,FP2-F4,EEG
nfle36,F4-C4,EEG
nfle36,C4-P4,EEG
nfle36,P4-O2,EEG
nfle36,F8-T4,EEG
nfle36,T4-T6,EEG
nfle36,FP1-F3,EEG
nfle36,F3-C3,EEG
nfle36,C3-P3,EEG
nfle36,P3-O1,EEG
nfle36,F7-T3,EEG
nfle36,T3-T5,EEG
nfle36,C4-A1,EEG
nfle36,ROC-LOC,EOG
nfle36,EMG1-EMG2,EMG
nfle36,ECG1-ECG2,ECG
nfle36,DX1-DX2,OTHER
nfle36,SX1-SX2,OTHER
nfle36,SAO2,OXYGEN
nfle36,HR,UNKNOWN
nfle36,PLETH,OXYGEN
nfle36,STAT,UNKNOWN
nfle37,FP2-F4,EEG
nfle37,F4-C4,EEG
nfle37,C4-P4,EEG
nfle37,P4-O2,EEG
nfle37,F8-T4,EEG
nfle37,T4-T6,EEG
nfle37,FP1-F3,EEG
nfle37,F3-C3,EEG
nfle37,C3-P3,EEG
nfle37,P3-O1,EEG
nfle37,F7-T3,EEG
nfle37,T3-T5,EEG
nfle37,C4-A1,EEG
nfle37,ROC-LOC,EOG
nfle37,EMG1-EMG2,EMG
nfle37,ECG1-ECG2,ECG
nfle37,DX1-DX2,OTHER
nfle37,SX1-SX2,OTHER
nfle37,SAO2,OXYGEN
nfle37,HR,UNKNOWN
nfle37,PLETH,OXYGEN
nfle37,STAT,UNKNOWN
nfle37,MIC,OTHER
nfle38,FP2-F4,EEG
nfle38,F4-C4,EEG
nfle38,C4-P4,EEG
nfle38,P4-O2,EEG
nfle38,F8-T4,EEG
nfle38,T4-T6,EEG
nfle38,FP1-F3,EEG
nfle38,F3-C3,EEG
nfle38,C3-P3,EEG
nfle38,P3-O1,EEG
nfle38,F7-T3,EEG
nfle38,T3-T5,EEG
nfle38,C4-A1,EEG
nfle38,ROC-LOC,EOG
nfle38,EMG1-EMG2,EMG
nfle38,ECG1-ECG2,ECG
nfle38,DX1-DX2,OTHER
nfle38,SX1-SX2,OTHER
nfle38,SAO2,OXYGEN
nfle38,HR,UNKNOWN
nfle38,PLETH,OXYGEN
nfle38,STAT,UNKNOWN
nfle39,FP2-F4,EEG
nfle39,F4-C4,EEG
nfle39,C4-P4,EEG
nfle39,P4-O2,EEG
nfle39,F8-T4,EEG
nfle39,T4-T6,EEG
nfle39,FP1-F3,EEG
nfle39,F3-C3,EEG
nfle39,C3-P3,EEG
nfle39,P3-O1,EEG
nfle39,F7-T3,EEG
nfle39,T3-T5,EEG
nfle39,C4-A1,EEG
nfle39,ROC-LOC,EOG
nfle39,EMG1-EMG2,EMG
nfle39,ECG1-ECG2,ECG
nfle39,DX1-DX2,OTHER
nfle39,SX1-SX2,OTHER
nfle39,SAO2,OXYGEN
nfle39,HR,UNKNOWN
nfle39,PLETH,OXYGEN
nfle39,STAT,UNKNOWN
nfle4,FP2-F4,EEG
nfle4,F4-C4,EEG
nfle4,C4-P4,EEG
nfle4,P4-O2,EEG
nfle4,F8-T4,EEG
nfle4,T4-T6,EEG
nfle4,FP1-F3,EEG
nfle4,F3-C3,EEG
nfle4,C3-P3,EEG
nfle4,P3-O1,EEG
nfle4,F7-T3,EEG
nfle4,T3-T5,EEG
nfle4,C4-A1,EEG
nfle4,ROC-LOC,EOG
nfle4,EMG1-EMG2,EMG
nfle4,ECG1-ECG2,ECG
nfle4,DX1-DX2,OTHER
nfle4,SX1-SX2,OTHER
nfle4,SAO2,OXYGEN
nfle4,HR,UNKNOWN
nfle4,PLETH,OXYGEN
nfle4,STAT,UNKNOWN
nfle4,MIC,OTHER
nfle40,FP2-F4,EEG
nfle40,F4-C4,EEG
nfle40,C4-P4,EEG
nfle40,P4-O2,EEG
nfle40,F8-T4,EEG
nfle40,T4-T6,EEG
nfle40,FP1-F3,EEG
nfle40,F3-C3,EEG
nfle40,C3-P3,EEG
nfle40,P3-O1,EEG
nfle40,F7-T3,EEG
nfle40,T3-T5,EEG
nfle40,C4-A1,EEG
nfle40,ROC-LOC,EOG
nfle40,EMG1-EMG2,EMG
nfle40,ECG1-ECG2,ECG
nfle40,DX1-DX2,OTHER
nfle40,SX1-SX2,OTHER
nfle40,SAO2,OXYGEN
nfle40,HR,UNKNOWN
nfle40,PLETH,OXYGEN
nfle40,STAT,UNKNOWN
nfle5,FP2-F4,EEG
nfle5,F4-C4,EEG
nfle5,C4-P4,EEG
nfle5,P4-O2,EEG
nfle5,F8-T4,EEG
nfle5,T4-T6,EEG
nfle5,FP1-F3,EEG
nfle5,F3-C3,EEG
nfle5,C3-P3,EEG
nfle5,P3-O1,EEG
nfle5,F7-T3,EEG
nfle5,T3-T5,EEG
nfle5,C4-A1,EEG
nfle5,ROC-LOC,EOG
nfle5,EMG1-EMG2,EMG
nfle5,ECG1-ECG2,ECG
nfle5,DX1-DX2,OTHER
nfle5,SX1-SX2,OTHER
nfle5,SAO2,OXYGEN
nfle5,HR,UNKNOWN
nfle5,PLETH,OXYGEN
nfle5,STAT,UNKNOWN
nfle6,FP2-F4,EEG
nfle6,F4-C4,EEG
nfle6,C4-P4,EEG
nfle6,P4-O2,EEG
nfle6,F8-T4,EEG
nfle6,T4-T6,EEG
nfle6,FP1-F3,EEG
nfle6,F3-C3,EEG
nfle6,C3-P3,EEG
nfle6,P3-O1,EEG
nfle6,F7-T3,EEG
nfle6,T3-T5,EEG
nfle6,C4-A1,EEG
nfle6,ROC-LOC,EOG
nfle6,EMG1-EMG2,EMG
nfle6,ECG1-ECG2,ECG
nfle6,DX1-DX2,OTHER
nfle6,SX1-SX2,OTHER
nfle6,SAO2,OXYGEN
nfle6,HR,UNKNOWN
nfle6,PLETH,OXYGEN
nfle6,OX STATUS,OXYGEN
nfle6,MIC,OTHER
nfle7,FP2-F4,EEG
nfle7,F4-C4,EEG
nfle7,C4-P4,EEG
nfle7,P4-O2,EEG
nfle7,F8-T4,EEG
nfle7,T4-T6,EEG
nfle7,FP1-F3,EEG
nfle7,F3-C3,EEG
nfle7,C3-P3,EEG
nfle7,P3-O1,EEG
nfle7,F7-T3,EEG
nfle7,T3-T5,EEG
nfle7,C4-A1,EEG
nfle7,ROC-LOC,EOG
nfle7,EMG1-EMG2,EMG
nfle7,ECG1-ECG2,ECG
nfle7,DX1-DX2,OTHER
nfle7,SX1-SX2,OTHER
nfle7,SAO2,OXYGEN
nfle7,HR,UNKNOWN
nfle7,PLETH,OXYGEN
nfle7,STAT,UNKNOWN
nfle8,FP2-F4,EEG
nfle8,F4-C4,EEG
nfle8,C4-P4,EEG
nfle8,P4-O2,EEG
nfle8,F8-T4,EEG
nfle8,T4-T6,EEG
nfle8,FP1-F3,EEG
nfle8,F3-C3,EEG
nfle8,C3-P3,EEG
nfle8,P3-O1,EEG
nfle8,F7-T3,EEG
nfle8,T3-T5,EEG
nfle8,C4-A1,EEG
nfle8,ROC-LOC,EOG
nfle8,EMG1-EMG2,EMG
nfle8,ECG1-ECG2,ECG
nfle8,TIB SX,UNKNOWN
nfle8,TIB DX,UNKNOWN
nfle8,SAO2,OXYGEN
nfle8,HR,UNKNOWN
nfle8,PLETH,OXYGEN
nfle8,STAT,UNKNOWN
nfle9,FP2-F4,EEG
nfle9,F4-C4,EEG
nfle9,C4-P4,EEG
nfle9,P4-O2,EEG
nfle9,FP1-F3,EEG
nfle9,F3-C3,EEG
nfle9,C3-P3,EEG
nfle9,P3-O1,EEG
nfle9,C4-A1,EEG
nfle9,ROC-LOC,EOG
nfle9,EMG1-EMG2,EMG
nfle9,ECG1-ECG2,ECG
nfle9,DX1-DX2,OTHER
nfle9,SX1-SX2,OTHER
nfle9,SAO2,OXYGEN
nfle9,HR,UNKNOWN
nfle9,PLETH,OXYGEN
nfle9,STAT,UNKNOWN
plm1,FP2-F4,EEG
plm1,F4-C4,EEG
plm1,C4-P4,EEG
plm1,P4-O2,EEG
plm1,FP1-F3,EEG
plm1,F3-C3,EEG
plm1,C3-P3,EEG
plm1,P3-O1,EEG
plm1,C4-A1,EEG
plm1,ROC-LOC,EOG
plm1,EMG1-EMG2,EMG
plm1,ECG1-ECG2,ECG
plm1,FLUSSO-0,UNKNOWN
plm1,TIB SX,UNKNOWN
plm1,TIB DX,UNKNOWN
plm1,SAO2,OXYGEN
plm1,HR,UNKNOWN
plm1,PLETH,OXYGEN
plm1,MIC,OTHER
plm1,STAT,UNKNOWN
plm1,POSITION,OTHER
plm1,FLUSSO-1,UNKNOWN
plm1,TORACE,THORAX
plm1,ADDDOME,ABDOMEN
plm10,FP2-F4,EEG
plm10,F4-C4,EEG
plm10,C4-P4,EEG
plm10,P4-O2,EEG
plm10,FP1-F3,EEG
plm10,F3-C3,EEG
plm10,C3-P3,EEG
plm10,P3-O1,EEG
plm10,C4-A1,EEG
plm10,ROC-LOC,EOG
plm10,EMG1-EMG2,EMG
plm10,ECG1-ECG2,ECG
plm10,DX1-DX2,OTHER
plm10,SX1-SX2,OTHER
plm10,TORACE,THORAX
plm10,ADDOME,ABDOMEN
plm10,SAO2,OXYGEN
plm10,HR,UNKNOWN
plm10,PLETH,OXYGEN
plm10,STAT,UNKNOWN
plm2,FP2-F4,EEG
plm2,F4-C4,EEG
plm2,C4-P4,EEG
plm2,P4-O2,EEG
plm2,FP1-F3,EEG
plm2,F3-C3,EEG
plm2,C3-P3,EEG
plm2,P3-O1,EEG
plm2,C4-A1,EEG
plm2,ROC-LOC,EOG
plm2,EMG1-EMG2,EMG
plm2,ECG1-ECG2,ECG
plm2,DX1-DX2,OTHER
plm2,SX1-SX2,OTHER
plm2,SAO2,OXYGEN
plm2,HR,UNKNOWN
plm2,PLETH,OXYGEN
plm2,STAT,UNKNOWN
plm3,FP2-F4,EEG
plm3,F4-C4,EEG
plm3,C4-P4,EEG
plm3,P4-O2,EEG
plm3,FP1-F3,EEG
plm3,F3-C3,EEG
plm3,C3-P3,EEG
plm3,P3-O1,EEG
plm3,C4-A1,EEG
plm3,ROC-LOC,EOG
plm3,EMG1-EMG2,EMG
plm3,ECG1-ECG2,ECG
plm3,DX1-DX2,OTHER
plm3,SX1-SX2,OTHER
plm3,T4-T6,EEG
plm3,T3-T5,EEG
plm3,SAO2,OXYGEN
plm3,HR,UNKNOWN
plm3,PLETH,OXYGEN
plm3,STAT,UNKNOWN
plm4,ROC-LOC,EOG
plm4,FP2-F4,EEG
plm4,F4-C4,EEG
plm4,C4-P4,EEG
plm4,P4-O2,EEG
plm4,C4-A1,EEG
plm4,EMG1-EMG2,EMG
plm4,ECG1-ECG2,ECG
plm4,DX1-DX2,OTHER
plm4,SX1-SX2,OTHER
plm4,TORACE,THORAX
plm4,ADDOME,ABDOMEN
plm5,ROC-LOC,EOG
plm5,FP2-F4,EEG
plm5,F4-C4,EEG
plm5,C4-P4,EEG
plm5,P4-O2,EEG
plm5,C4-A1,EEG
plm5,EMG1-EMG2,EMG
plm5,ECG1-ECG2,ECG
plm5,DX1-DX2,OTHER
plm5,SX1-SX2,OTHER
plm5,F8-T4,EEG
plm5,F7-T3,EEG
plm5,TORACE,THORAX
plm5,ADDOME,ABDOMEN
plm5,SAO2,OXYGEN
plm5,HR,UNKNOWN
plm5,PLETH,OXYGEN
plm5,STAT,UNKNOWN
plm6,FP2-F4,EEG
plm6,F4-C4,EEG
plm6,C4-P4,EEG
plm6,P4-O2,EEG
plm6,FP1-F3,EEG
plm6,F3-C3,EEG
plm6,C3-P3,EEG
plm6,P3-O1,EEG
plm6,C4-A1,EEG
plm6,ROC-LOC,EOG
plm6,EMG1-EMG2,EMG
plm6,ECG1-ECG2,ECG
plm6,DX1-DX2,OTHER
plm6,SX1-SX2,OTHER
plm6,SAO2,OXYGEN
plm6,HR,UNKNOWN
plm6,PLETH,OXYGEN
plm6,STAT,UNKNOWN
plm7,FP2-F4,EEG
plm7,F4-C4,EEG
plm7,C4-P4,EEG
plm7,P4-O2,EEG
plm7,C4-A1,EEG
plm7,ROC-LOC,EOG
plm7,EMG1-EMG2,EMG
plm7,ECG1-ECG2,ECG
plm7,DX1-DX2,OTHER
plm7,SX1-SX2,OTHER
plm7,SAO2,OXYGEN
plm7,HR,UNKNOWN
plm7,PLETH,OXYGEN
plm7,STAT,UNKNOWN
plm8,ROC-LOC,EOG
plm8,FP2-F4,EEG
plm8,F4-C4,EEG
plm8,C4-P4,EEG
plm8,P4-O2,EEG
plm8,C4-A1,EEG
plm8,EMG1-EMG2,EMG
plm8,ECG1-ECG2,ECG
plm8,DX1-DX2,OTHER
plm8,SX1-SX2,OTHER
plm8,TORACE,THORAX
plm8,ADDOME,ABDOMEN
plm8,POSITION,OTHER
plm8,SAO2,OXYGEN
plm8,MIC,OTHER
plm8,HR,UNKNOWN
plm8,PLETH,OXYGEN
plm8,STAT,UNKNOWN
plm9,FP2-F4,EEG
plm9,F4-C4,EEG
plm9,C4-P4,EEG
plm9,P4-O2,EEG
plm9,F8-T4,EEG
plm9,T4-T6,EEG
plm9,FP1-F3,EEG
plm9,F3-C3,EEG
plm9,C3-P3,EEG
plm9,P3-O1,EEG
plm9,F7-T3,EEG
plm9,T3-T5,EEG
plm9,C4-A1,EEG
plm9,ROC-LOC,EOG
plm9,EMG1-EMG2,EMG
plm9,ECG1-ECG2,ECG
plm9,DX1-DX2,OTHER
plm9,SX1-SX2,OTHER
plm9,SAO2,OXYGEN
plm9,HR,UNKNOWN
plm9,PLETH,OXYGEN
plm9,STAT,UNKNOWN
rbd1,ROC-LOC,EOG
rbd1,FP2-F4,EEG
rbd1,F4-C4,EEG
rbd1,C4-P4,EEG
rbd1,P4-O2,EEG
rbd1,C4-A1,EEG
rbd1,EMG1-EMG2,EMG
rbd1,ECG1-ECG2,ECG
rbd1,DX1-DX2,OTHER
rbd1,SX1-SX2,OTHER
rbd1,F8-T4,EEG
rbd1,F7-T3,EEG
rbd1,TORACE,THORAX
rbd1,ADDOME,ABDOMEN
rbd1,MIC,OTHER
rbd10,ROC-LOC,EOG
rbd10,FP2-F4,EEG
rbd10,F4-C4,EEG
rbd10,C4-P4,EEG
rbd10,P4-O2,EEG
rbd10,FP1-F3,EEG
rbd10,F3-C3,EEG
rbd10,C3-P3,EEG
rbd10,P3-O1,EEG
rbd10,C4-A1,EEG
rbd10,EMG1-EMG2,EMG
rbd10,ECG1-ECG2,ECG
rbd10,DX1-DX2,OTHER
rbd10,SX1-SX2,OTHER
rbd10,F8-T4,EEG
rbd10,F7-T3,EEG
rbd10,TORACE,THORAX
rbd10,ADDOME,ABDOMEN
rbd10,SAO2,OXYGEN
rbd10,HR,UNKNOWN
rbd10,PLETH,OXYGEN
rbd10,STAT,UNKNOWN
rbd11,ROC-LOC,EOG
rbd11,FP2-F4,EEG
rbd11,F4-C4,EEG
rbd11,C4-P4,EEG
rbd11,P4-O2,EEG
rbd11,FP1-F3,EEG
rbd11,F3-C3,EEG
rbd11,C3-P3,EEG
rbd11,P3-O1,EEG
rbd11,C4-A1,EEG
rbd11,EMG1-EMG2,EMG
rbd11,ECG1-ECG2,ECG
rbd11,DX1-DX2,OTHER
rbd11,SX1-SX2,OTHER
rbd11,F8-T4,EEG
rbd11,F7-T3,EEG
rbd11,TORACE,THORAX
rbd11,ADDOME,ABDOMEN
rbd11,SAO2,OXYGEN
rbd11,HR,UNKNOWN
rbd11,PLETH,OXYGEN
rbd11,STAT,UNKNOWN
rbd12,ROC-LOC,EOG
rbd12,FP2-F4,EEG
rbd12,F4-C4,EEG
rbd12,C4-P4,EEG
rbd12,P4-O2,EEG
rbd12,FP1-F3,EEG
rbd12,F3-C3,EEG
rbd12,C3-P3,EEG
rbd12,P3-O1,EEG
rbd12,C4-A1,EEG
rbd12,EMG1-EMG2,EMG
rbd12,ECG1-ECG2,ECG
rbd12,DX1-DX2,OTHER
rbd12,SX1-SX2,OTHER
rbd12,F8-T4,EEG
rbd12,F7-T3,EEG
rbd12,TORACE,THORAX
rbd12,ADDOME,ABDOMEN
rbd12,SAO2,OXYGEN
rbd12,MIC,OTHER
rbd12,HR,UNKNOWN
rbd12,PLETH,OXYGEN
rbd12,STAT,UNKNOWN
rbd13,ROC-LOC,EOG
rbd13,FP2-F4,EEG
rbd13,F4-C4,EEG
rbd13,C4-P4,EEG
rbd13,P4-O2,EEG
rbd13,FP1-F3,EEG
rbd13,F3-C3,EEG
rbd13,C3-P3,EEG
rbd13,P3-O1,EEG
rbd13,C4-A1,EEG
rbd13,EMG1-EMG2,EMG
rbd13,ECG1-ECG2,ECG
rbd13,DX1-DX2,OTHER
rbd13,SX1-SX2,OTHER
rbd13,F8-T4,EEG
rbd13,F7-T3,EEG
rbd13,TORACE,THORAX
rbd13,ADDOME,ABDOMEN
rbd13,SAO2,OXYGEN
rbd13,HR,UNKNOWN
rbd13,PLETH,OXYGEN
rbd13,STAT,UNKNOWN
rbd13,MIC,OTHER
rbd14,ROC-LOC,EOG
rbd14,FP2-F4,EEG
rbd14,F4-C4,EEG
rbd14,C4-P4,EEG
rbd14,P4-O2,EEG
rbd14,C4-A1,EEG
rbd14,EMG1-EMG2,EMG
rbd14,ECG1-ECG2,ECG
rbd14,DX1-DX2,OTHER
rbd14,SX1-SX2,OTHER
rbd14,F8-T4,EEG
rbd14,F7-T3,EEG
rbd14,TORACE,THORAX
rbd14,ADDOME,ABDOMEN
rbd14,POSITION,OTHER
rbd14,MIC,OTHER
rbd15,ROC-LOC,EOG
rbd15,FP2-F4,EEG
rbd15,F4-C4,EEG
rbd15,C4-P4,EEG
rbd15,P4-O2,EEG
rbd15,C4-A1,EEG
rbd15,EMG1-EMG2,EMG
rbd15,ECG1-ECG2,ECG
rbd15,DX1-DX2,OTHER
rbd15,SX1-SX2,OTHER
rbd15,F8-T4,EEG
rbd15,F7-T3,EEG
rbd16,ROC-LOC,EOG
rbd16,FP2-F4,EEG
rbd16,F4-C4,EEG
rbd16,C4-P4,EEG
rbd16,P4-O2,EEG
rbd16,FP1-F3,EEG
rbd16,F3-C3,EEG
rbd16,C3-P3,EEG
rbd16,P3-O1,EEG
rbd16,C4-A1,EEG
rbd16,EMG1-EMG2,EMG
rbd16,ECG1-ECG2,ECG
rbd16,DX1-DX2,OTHER
rbd16,SX1-SX2,OTHER
rbd16,F8-T4,EEG
rbd16,F7-T3,EEG
rbd16,TORACE,THORAX
rbd16,ADDOME,ABDOMEN
rbd16,POSITION,OTHER
rbd16,SAO2,OXYGEN
rbd16,MIC,OTHER
rbd16,HR,UNKNOWN
rbd16,PLETH,OXYGEN
rbd16,STAT,UNKNOWN
rbd17,ROC-LOC,EOG
rbd17,FP2-F4,EEG
rbd17,F4-C4,EEG
rbd17,C4-P4,EEG
rbd17,P4-O2,EEG
rbd17,FP1-F3,EEG
rbd17,F3-C3,EEG
rbd17,C3-P3,EEG
rbd17,P3-O1,EEG
rbd17,C4-A1,EEG
rbd17,EMG1-EMG2,EMG
rbd17,ECG1-ECG2,ECG
rbd17,DX1-DX2,OTHER
rbd17,SX1-SX2,OTHER
rbd17,SAO2,OXYGEN
rbd17,HR,UNKNOWN
rbd17,PLETH,OXYGEN
rbd17,STAT,UNKNOWN
rbd18,FP2-F4,EEG
rbd18,F4-C4,EEG
rbd18,C4-P4,EEG
rbd18,P4-O2,EEG
rbd18,F8-T4,EEG
rbd18,T4-T6,EEG
rbd18,FP1-F3,EEG
rbd18,F3-C3,EEG
rbd18,C3-P3,EEG
rbd18,P3-O1,EEG
rbd18,F7-T3,EEG
rbd18,T3-T5,EEG
rbd18,C4-A1,EEG
rbd18,ROC-LOC,EOG
rbd18,EMG1-EMG2,EMG
rbd18,ECG1-ECG2,ECG
rbd18,DX1-DX2,OTHER
rbd18,SX1-SX2,OTHER
rbd18,SAO2,OXYGEN
rbd18,HR,UNKNOWN
rbd18,PLETH,OXYGEN
rbd18,STAT,UNKNOWN
rbd19,ROC-LOC,EOG
rbd19,FP2-F4,EEG
rbd19,F4-C4,EEG
rbd19,C4-P4,EEG
rbd19,P4-O2,EEG
rbd19,FP1-F3,EEG
rbd19,F3-C3,EEG
rbd19,C3-P3,EEG
rbd19,P3-O1,EEG
rbd19,C4-A1,EEG
rbd19,EMG1-EMG2,EMG
rbd19,ECG1-ECG2,ECG
rbd19,DX1-DX2,OTHER
rbd19,SX1-SX2,OTHER
rbd19,F8-T4,EEG
rbd19,F7-T3,EEG
rbd19,SAO2,OXYGEN
rbd19,HR,UNKNOWN
rbd19,PLETH,OXYGEN
rbd19,STAT,UNKNOWN
rbd2,ROC-LOC,EOG
rbd2,FP2-F4,EEG
rbd2,F4-C4,EEG
rbd2,C4-P4,EEG
rbd2,P4-O2,EEG
rbd2,FP1-F3,EEG
rbd2,F3-C3,EEG
rbd2,C3-P3,EEG
rbd2,P3-O1,EEG
rbd2,C4-A1,EEG
rbd2,EMG1-EMG2,EMG
rbd2,ECG1-ECG2,ECG
rbd2,DX1-DX2,OTHER
rbd2,SX1-SX2,OTHER
rbd2,F8-T4,EEG
rbd2,F7-T3,EEG
rbd2,SAO2,OXYGEN
rbd2,HR,UNKNOWN
rbd2,PLETH,OXYGEN
rbd2,STAT,UNKNOWN
rbd20,ROC-LOC,EOG
rbd20,FP2-F4,EEG
rbd20,F4-C4,EEG
rbd20,C4-P4,EEG
rbd20,P4-O2,EEG
rbd20,C4-A1,EEG
rbd20,EMG1-EMG2,EMG
rbd20,ECG1-ECG2,ECG
rbd20,DX1-DX2,OTHER
rbd20,SX1-SX2,OTHER
rbd20,F8-T4,EEG
rbd20,F7-T3,EEG
rbd20,SAO2,OXYGEN
rbd20,HR,UNKNOWN
rbd20,PLETH,OXYGEN
rbd20,STAT,UNKNOWN
rbd21,ROC-LOC,EOG
rbd21,FP2-F4,EEG
rbd21,F4-C4,EEG
rbd21,C4-P4,EEG
rbd21,P4-O2,EEG
rbd21,FP1-F3,EEG
rbd21,F3-C3,EEG
rbd21,C3-P3,EEG
rbd21,P3-O1,EEG
rbd21,C4-A1,EEG
rbd21,EMG1-EMG2,EMG
rbd21,ECG1-ECG2,ECG
rbd21,DX1-DX2,OTHER
rbd21,SX1-SX2,OTHER
rbd21,F8-T4,EEG
rbd21,F7-T3,EEG
rbd21,SAO2,OXYGEN
rbd21,HR,UNKNOWN
rbd21,PLETH,OXYGEN
rbd21,STAT,UNKNOWN
rbd22,ROC-LOC,EOG
rbd22,FP2-F4,EEG
rbd22,F4-C4,EEG
rbd22,C4-P4,EEG
rbd22,P4-O2,EEG
rbd22,FP1-F3,EEG
rbd22,F3-C3,EEG
rbd22,C3-P3,EEG
rbd22,P3-O1,EEG
rbd22,C4-A1,EEG
rbd22,EMG1-EMG2,EMG
rbd22,ECG1-ECG2,ECG
rbd22,DX1-DX2,OTHER
rbd22,SX1-SX2,OTHER
rbd22,F8-T4,EEG
rbd22,F7-T3,EEG
rbd22,SAO2,OXYGEN
rbd22,HR,UNKNOWN
rbd22,PLETH,OXYGEN
rbd22,STAT,UNKNOWN
rbd3,ROC-LOC,EOG
rbd3,FP2-F4,EEG
rbd3,F4-C4,EEG
rbd3,C4-P4,EEG
rbd3,P4-O2,EEG
rbd3,FP1-F3,EEG
rbd3,F3-C3,EEG
rbd3,C3-P3,EEG
rbd3,P3-O1,EEG
rbd3,C4-A1,EEG
rbd3,EMG1-EMG2,EMG
rbd3,ECG1-ECG2,ECG
rbd3,DX1-DX2,OTHER
rbd3,SX1-SX2,OTHER
rbd3,F8-T4,EEG
rbd3,F7-T3,EEG
rbd3,TORACE,THORAX
rbd3,ADDOME,ABDOMEN
rbd3,POSITION,OTHER
rbd3,SAO2,OXYGEN
rbd3,MIC,OTHER
rbd3,HR,UNKNOWN
rbd3,PLETH,OXYGEN
rbd3,STAT,UNKNOWN
rbd4,ROC-LOC,EOG
rbd4,FP2-F4,EEG
rbd4,F4-C4,EEG
rbd4,C4-P4,EEG
rbd4,P4-O2,EEG
rbd4,C4-A1,EEG
rbd4,EMG1-EMG2,EMG
rbd4,ECG1-ECG2,ECG
rbd4,DX1-DX2,OTHER
rbd4,SX1-SX2,OTHER
rbd4,F8-T4,EEG
rbd4,F7-T3,EEG
rbd4,TORACE,THORAX
rbd4,SAO2,OXYGEN
rbd4,MIC,OTHER
rbd4,HR,UNKNOWN
rbd4,PLETH,OXYGEN
rbd4,STAT,UNKNOWN
rbd5,ROC-LOC,EOG
rbd5,FP2-F4,EEG
rbd5,F4-C4,EEG
rbd5,C4-P4,EEG
rbd5,P4-O2,EEG
rbd5,FP1-F3,EEG
rbd5,F3-C3,EEG
rbd5,C3-P3,EEG
rbd5,P3-O1,EEG
rbd5,C4-A1,EEG
rbd5,EMG1-EMG2,EMG
rbd5,ECG1-ECG2,ECG
rbd5,DX1-DX2,OTHER
rbd5,SX1-SX2,OTHER
rbd5,F8-T4,EEG
rbd5,F7-T3,EEG
rbd5,TORACE,THORAX
rbd5,ADDOME,ABDOMEN
rbd5,SAO2,OXYGEN
rbd5,HR,UNKNOWN
rbd5,PLETH,OXYGEN
rbd5,STAT,UNKNOWN
rbd6,ROC-LOC,EOG
rbd6,LOC-ROC,UNKNOWN
rbd6,F2-F4,UNKNOWN
rbd6,F4-C4,EEG
rbd6,C4-P4,EEG
rbd6,P4-O2,EEG
rbd6,C4-A1,EEG
rbd6,EMG1-EMG2,EMG
rbd6,ECG1-ECG2,ECG
rbd6,TERMISTORE,UNKNOWN
rbd6,TORACE,THORAX
rbd6,ADDOME,ABDOMEN
rbd6,DX1-DX2,OTHER
rbd6,SX1-SX2,OTHER
rbd6,HR,UNKNOWN
rbd6,SPO2,OXYGEN
rbd7,ROC-LOC,EOG
rbd7,FP2-F4,EEG
rbd7,F4-C4,EEG
rbd7,C4-P4,EEG
rbd7,P4-O2,EEG
rbd7,FP1-F3,EEG
rbd7,F3-C3,EEG
rbd7,C3-P3,EEG
rbd7,P3-O1,EEG
rbd7,C4-A1,EEG
rbd7,EMG1-EMG2,EMG
rbd7,ECG1-ECG2,ECG
rbd7,DX1-DX2,OTHER
rbd7,SX1-SX2,OTHER
rbd7,F8-T4,EEG
rbd7,F7-T3,EEG
rbd7,TORACE,THORAX
rbd7,ADDOME,ABDOMEN
rbd7,POSITION,OTHER
rbd7,SAO2,OXYGEN
rbd7,HR,UNKNOWN
rbd7,PLETH,OXYGEN
rbd7,STAT,UNKNOWN
rbd8,ROC-LOC,EOG
rbd8,FP2-F4,EEG
rbd8,F4-C4,EEG
rbd8,C4-P4,EEG
rbd8,P4-O2,EEG
rbd8,FP1-F3,EEG
rbd8,F3-C3,EEG
rbd8,C3-P3,EEG
rbd8,P3-O1,EEG
rbd8,C4-A1,EEG
rbd8,EMG1-EMG2,EMG
rbd8,ECG1-ECG2,ECG
rbd8,DX1-DX2,OTHER
rbd8,SX1-SX2,OTHER
rbd8,F8-T4,EEG
rbd8,F7-T3,EEG
rbd8,TORACE,THORAX
rbd8,ADDOME,ABDOMEN
rbd8,SAO2,OXYGEN
rbd8,HR,UNKNOWN
rbd8,PLETH,OXYGEN
rbd8,STAT,UNKNOWN
rbd9,ROC-LOC,EOG
rbd9,FP2-F4,EEG
rbd9,F4-C4,EEG
rbd9,C4-P4,EEG
rbd9,P4-O2,EEG
rbd9,FP1-F3,EEG
rbd9,F3-C3,EEG
rbd9,C3-P3,EEG
rbd9,P3-O1,EEG
rbd9,C4-A1,EEG
rbd9,EMG1-EMG2,EMG
rbd9,ECG1-ECG2,ECG
rbd9,DX1-DX2,OTHER
rbd9,SX1-SX2,OTHER
rbd9,F8-T4,EEG
rbd9,F7-T3,EEG
rbd9,SAO2,OXYGEN
rbd9,HR,UNKNOWN
rbd9,PLETH,OXYGEN
rbd9,STAT,UNKNOWN
sdb1,FP2-F4,EEG
sdb1,F4-C4,EEG
sdb1,C4-P4,EEG
sdb1,P4-O2,EEG
sdb1,C4-A1,EEG
sdb1,ROC-LOC,EOG
sdb1,EMG1-EMG2,EMG
sdb1,ECG1-ECG2,ECG
sdb1,TIB SX,UNKNOWN
sdb1,TIB DX,UNKNOWN
sdb1,SAO2,OXYGEN
sdb1,HR,UNKNOWN
sdb1,PLETH,OXYGEN
sdb1,MIC,OTHER
sdb1,FLUSSO,FLOW
sdb1,TORACE,THORAX
sdb1,ADDDOME,ABDOMEN
sdb2,FP2-F4,EEG
sdb2,F4-C4,EEG
sdb2,C4-P4,EEG
sdb2,P4-O2,EEG
sdb2,C4-A1,EEG
sdb2,ROC-LOC,EOG
sdb2,EMG1-EMG2,EMG
sdb2,ECG1-ECG2,ECG
sdb2,FLUSSO,FLOW
sdb2,TORACE,THORAX
sdb2,ADDDOME,ABDOMEN
sdb2,SAO2,OXYGEN
sdb2,SX1-SX2,OTHER
sdb2,DX1-DX2,OTHER
sdb2,HR,UNKNOWN
sdb2,PLETH,OXYGEN
sdb3,ROC-LOC,EOG
sdb3,LOC-ROC,UNKNOWN
sdb3,F2-F4,UNKNOWN
sdb3,F4-C4,EEG
sdb3,C4-P4,EEG
sdb3,P4-O2,EEG
sdb3,C4-A1,EEG
sdb3,EMG1-EMG2,EMG
sdb3,ECG1-ECG2,ECG
sdb3,TERMISTORE,UNKNOWN
sdb3,TORACE,THORAX
sdb3,ADDOME,ABDOMEN
sdb3,DX1-DX2,OTHER
sdb3,SX1-SX2,OTHER
sdb3,POSIZIONE,UNKNOWN
sdb3,HR,UNKNOWN
sdb3,SPO2,OXYGEN
sdb3,SOUND,UNKNOWN
sdb4,ROC-LOC,EOG
sdb4,FP2-F4,EEG
sdb4,F4-C4,EEG
sdb4,C4-P4,EEG
sdb4,P4-O2,EEG
sdb4,C4-A1,EEG
sdb4,EMG1-EMG2,EMG
sdb4,ECG1-ECG2,ECG
sdb4,MIC,OTHER
sdb4,FLUSSO,FLOW
sdb4,TORACE,THORAX
sdb4,ADDDOME,ABDOMEN
sdb4,SAO2,OXYGEN
sdb4,SX1-SX2,OTHER
sdb4,DX1-DX2,OTHER
sdb4,POSITION,OTHER
sdb4,HR,UNKNOWN
sdb4,PLETH,OXYGEN
